<?xml version="1.0" encoding="UTF-8"?>
<!DOCTYPE mapper PUBLIC "-//mybatis.org//DTD Mapper 3.0//EN" "http://mybatis.org/dtd/mybatis-3-mapper.dtd">
<mapper namespace="com.sofn.dao.generator.SysCatalogMapper">
  <resultMap id="BaseResultMap" type="com.sofn.model.generator.SysCatalog">
    <!--
      WARNING - @mbggenerated
      This element is automatically generated by MyBatis Generator, do not modify.
    -->
    <id column="id_" jdbcType="VARCHAR" property="id" />
    <result column="cascade_id" jdbcType="VARCHAR" property="cascadeId" />
    <result column="root_key" jdbcType="VARCHAR" property="rootKey" />
    <result column="root_name" jdbcType="VARCHAR" property="rootName" />
    <result column="name_" jdbcType="VARCHAR" property="name" />
    <result column="hotkey_" jdbcType="VARCHAR" property="hotkey" />
    <result column="parent_id" jdbcType="VARCHAR" property="parentId" />
    <result column="is_leaf_" jdbcType="VARCHAR" property="isLeaf" />
    <result column="is_auto_expand" jdbcType="VARCHAR" property="isAutoExpand" />
    <result column="icon_name" jdbcType="VARCHAR" property="iconName" />
    <result column="sort_no" jdbcType="INTEGER" property="sortNo" />
    <result column="enable_" jdbcType="BIT" property="enable" />
    <result column="remark_" jdbcType="VARCHAR" property="remark" />
    <result column="create_by" jdbcType="VARCHAR" property="createBy" />
    <result column="create_time" jdbcType="TIMESTAMP" property="createTime" />
    <result column="update_by" jdbcType="VARCHAR" property="updateBy" />
    <result column="update_time" jdbcType="TIMESTAMP" property="updateTime" />
  </resultMap>
  <delete id="deleteByPrimaryKey" parameterType="java.lang.String">
    <!--
      WARNING - @mbggenerated
      This element is automatically generated by MyBatis Generator, do not modify.
    -->
    delete from sys_catalog
    where id_ = #{id,jdbcType=VARCHAR}
  </delete>
  <insert id="insert" parameterType="com.sofn.model.generator.SysCatalog">
    <!--
      WARNING - @mbggenerated
      This element is automatically generated by MyBatis Generator, do not modify.
    -->
    insert into sys_catalog (id_, cascade_id, root_key, 
      root_name, name_, hotkey_, 
      parent_id, is_leaf_, is_auto_expand, 
      icon_name, sort_no, enable_, 
      remark_, create_by, create_time, 
      update_by, update_time)
    values (#{id,jdbcType=VARCHAR}, #{cascadeId,jdbcType=VARCHAR}, #{rootKey,jdbcType=VARCHAR}, 
      #{rootName,jdbcType=VARCHAR}, #{name,jdbcType=VARCHAR}, #{hotkey,jdbcType=VARCHAR}, 
      #{parentId,jdbcType=VARCHAR}, #{isLeaf,jdbcType=VARCHAR}, #{isAutoExpand,jdbcType=VARCHAR}, 
      #{iconName,jdbcType=VARCHAR}, #{sortNo,jdbcType=INTEGER}, #{enable,jdbcType=BIT}, 
      #{remark,jdbcType=VARCHAR}, #{createBy,jdbcType=VARCHAR}, #{createTime,jdbcType=TIMESTAMP}, 
      #{updateBy,jdbcType=VARCHAR}, #{updateTime,jdbcType=TIMESTAMP})
  </insert>
  <update id="updateByPrimaryKey" parameterType="com.sofn.model.generator.SysCatalog">
    <!--
      WARNING - @mbggenerated
      This element is automatically generated by MyBatis Generator, do not modify.
    -->
    update sys_catalog
    set cascade_id = #{cascadeId,jdbcType=VARCHAR},
      root_key = #{rootKey,jdbcType=VARCHAR},
      root_name = #{rootName,jdbcType=VARCHAR},
      name_ = #{name,jdbcType=VARCHAR},
      hotkey_ = #{hotkey,jdbcType=VARCHAR},
      parent_id = #{parentId,jdbcType=VARCHAR},
      is_leaf_ = #{isLeaf,jdbcType=VARCHAR},
      is_auto_expand = #{isAutoExpand,jdbcType=VARCHAR},
      icon_name = #{iconName,jdbcType=VARCHAR},
      sort_no = #{sortNo,jdbcType=INTEGER},
      enable_ = #{enable,jdbcType=BIT},
      remark_ = #{remark,jdbcType=VARCHAR},
      create_by = #{createBy,jdbcType=VARCHAR},
      create_time = #{createTime,jdbcType=TIMESTAMP},
      update_by = #{updateBy,jdbcType=VARCHAR},
      update_time = #{updateTime,jdbcType=TIMESTAMP}
    where id_ = #{id,jdbcType=VARCHAR}
  </update>
  <select id="selectByPrimaryKey" parameterType="java.lang.String" resultMap="BaseResultMap">
    <!--
      WARNING - @mbggenerated
      This element is automatically generated by MyBatis Generator, do not modify.
    -->
    select id_, cascade_id, root_key, root_name, name_, hotkey_, parent_id, is_leaf_, 
    is_auto_expand, icon_name, sort_no, enable_, remark_, create_by, create_time, update_by, 
    update_time
    from sys_catalog
    where id_ = #{id,jdbcType=VARCHAR}
  </select>
  <select id="selectAll" resultMap="BaseResultMap">
    <!--
      WARNING - @mbggenerated
      This element is automatically generated by MyBatis Generator, do not modify.
    -->
    select id_, cascade_id, root_key, root_name, name_, hotkey_, parent_id, is_leaf_, 
    is_auto_expand, icon_name, sort_no, enable_, remark_, create_by, create_time, update_by, 
    update_time
    from sys_catalog
  </select>
</mapper>