<?xml version="1.0" encoding="UTF-8"?>
<!DOCTYPE mapper PUBLIC "-//mybatis.org//DTD Mapper 3.0//EN" "http://mybatis.org/dtd/mybatis-3-mapper.dtd">
<mapper namespace="com.sofn.dao.generator.SysDicIndexMapper">
  <resultMap id="BaseResultMap" type="com.sofn.model.generator.SysDicIndex">
    <!--
      WARNING - @mbggenerated
      This element is automatically generated by MyBatis Generator, do not modify.
    -->
    <id column="id_" jdbcType="VARCHAR" property="id" />
    <result column="catalog_id" jdbcType="VARCHAR" property="catalogId" />
    <result column="key_" jdbcType="VARCHAR" property="key" />
    <result column="name_" jdbcType="VARCHAR" property="name" />
    <result column="enable_" jdbcType="BIT" property="enable" />
    <result column="remark_" jdbcType="VARCHAR" property="remark" />
    <result column="create_by" jdbcType="VARCHAR" property="createBy" />
    <result column="create_time" jdbcType="TIMESTAMP" property="createTime" />
    <result column="update_by" jdbcType="VARCHAR" property="updateBy" />
    <result column="update_time" jdbcType="TIMESTAMP" property="updateTime" />
  </resultMap>
  <delete id="deleteByPrimaryKey" parameterType="java.lang.String">
    <!--
      WARNING - @mbggenerated
      This element is automatically generated by MyBatis Generator, do not modify.
    -->
    delete from sys_dic_index
    where id_ = #{id,jdbcType=VARCHAR}
  </delete>
  <insert id="insert" parameterType="com.sofn.model.generator.SysDicIndex">
    <!--
      WARNING - @mbggenerated
      This element is automatically generated by MyBatis Generator, do not modify.
    -->
    insert into sys_dic_index (id_, catalog_id, key_, 
      name_, enable_, remark_, create_by, 
      create_time, update_by, update_time
      )
    values (#{id,jdbcType=VARCHAR}, #{catalogId,jdbcType=VARCHAR}, #{key,jdbcType=VARCHAR}, 
      #{name,jdbcType=VARCHAR}, #{enable,jdbcType=BIT}, #{remark,jdbcType=VARCHAR}, #{createBy,jdbcType=VARCHAR}, 
      #{createTime,jdbcType=TIMESTAMP}, #{updateBy,jdbcType=VARCHAR}, #{updateTime,jdbcType=TIMESTAMP}
      )
  </insert>
  <update id="updateByPrimaryKey" parameterType="com.sofn.model.generator.SysDicIndex">
    <!--
      WARNING - @mbggenerated
      This element is automatically generated by MyBatis Generator, do not modify.
    -->
    update sys_dic_index
    set catalog_id = #{catalogId,jdbcType=VARCHAR},
      key_ = #{key,jdbcType=VARCHAR},
      name_ = #{name,jdbcType=VARCHAR},
      enable_ = #{enable,jdbcType=BIT},
      remark_ = #{remark,jdbcType=VARCHAR},
      create_by = #{createBy,jdbcType=VARCHAR},
      create_time = #{createTime,jdbcType=TIMESTAMP},
      update_by = #{updateBy,jdbcType=VARCHAR},
      update_time = #{updateTime,jdbcType=TIMESTAMP}
    where id_ = #{id,jdbcType=VARCHAR}
  </update>
  <select id="selectByPrimaryKey" parameterType="java.lang.String" resultMap="BaseResultMap">
    <!--
      WARNING - @mbggenerated
      This element is automatically generated by MyBatis Generator, do not modify.
    -->
    select id_, catalog_id, key_, name_, enable_, remark_, create_by, create_time, update_by, 
    update_time
    from sys_dic_index
    where id_ = #{id,jdbcType=VARCHAR}
  </select>
  <select id="selectAll" resultMap="BaseResultMap">
    <!--
      WARNING - @mbggenerated
      This element is automatically generated by MyBatis Generator, do not modify.
    -->
    select id_, catalog_id, key_, name_, enable_, remark_, create_by, create_time, update_by, 
    update_time
    from sys_dic_index
  </select>
</mapper>