<?xml version="1.0" encoding="UTF-8"?>
<!DOCTYPE mapper PUBLIC "-//mybatis.org//DTD Mapper 3.0//EN" "http://mybatis.org/dtd/mybatis-3-mapper.dtd">
<mapper namespace="com.sofn.dao.generator.SysDeptMapper">
  <resultMap id="BaseResultMap" type="com.sofn.model.generator.SysDept">
    <!--
      WARNING - @mbggenerated
      This element is automatically generated by MyBatis Generator, do not modify.
    -->
    <id column="id_" jdbcType="VARCHAR" property="id" />
    <result column="dept_name" jdbcType="VARCHAR" property="deptName" />
    <result column="parent_id" jdbcType="VARCHAR" property="parentId" />
    <result column="sort_no" jdbcType="INTEGER" property="sortNo" />
    <result column="leaf_" jdbcType="INTEGER" property="leaf" />
    <result column="enable_" jdbcType="BIT" property="enable" />
    <result column="remark_" jdbcType="VARCHAR" property="remark" />
    <result column="create_by" jdbcType="VARCHAR" property="createBy" />
    <result column="create_time" jdbcType="TIMESTAMP" property="createTime" />
    <result column="update_by" jdbcType="VARCHAR" property="updateBy" />
    <result column="update_time" jdbcType="TIMESTAMP" property="updateTime" />
  </resultMap>
  <delete id="deleteByPrimaryKey" parameterType="java.lang.String">
    <!--
      WARNING - @mbggenerated
      This element is automatically generated by MyBatis Generator, do not modify.
    -->
    delete from sys_dept
    where id_ = #{id,jdbcType=VARCHAR}
  </delete>
  <insert id="insert" parameterType="com.sofn.model.generator.SysDept">
    <!--
      WARNING - @mbggenerated
      This element is automatically generated by MyBatis Generator, do not modify.
    -->
    insert into sys_dept (id_, dept_name, parent_id, 
      sort_no, leaf_, enable_, remark_, 
      create_by, create_time, update_by, 
      update_time)
    values (#{id,jdbcType=VARCHAR}, #{deptName,jdbcType=VARCHAR}, #{parentId,jdbcType=VARCHAR}, 
      #{sortNo,jdbcType=INTEGER}, #{leaf,jdbcType=INTEGER}, #{enable,jdbcType=BIT}, #{remark,jdbcType=VARCHAR}, 
      #{createBy,jdbcType=VARCHAR}, #{createTime,jdbcType=TIMESTAMP}, #{updateBy,jdbcType=VARCHAR}, 
      #{updateTime,jdbcType=TIMESTAMP})
  </insert>
  <update id="updateByPrimaryKey" parameterType="com.sofn.model.generator.SysDept">
    <!--
      WARNING - @mbggenerated
      This element is automatically generated by MyBatis Generator, do not modify.
    -->
    update sys_dept
    set dept_name = #{deptName,jdbcType=VARCHAR},
      parent_id = #{parentId,jdbcType=VARCHAR},
      sort_no = #{sortNo,jdbcType=INTEGER},
      leaf_ = #{leaf,jdbcType=INTEGER},
      enable_ = #{enable,jdbcType=BIT},
      remark_ = #{remark,jdbcType=VARCHAR},
      create_by = #{createBy,jdbcType=VARCHAR},
      create_time = #{createTime,jdbcType=TIMESTAMP},
      update_by = #{updateBy,jdbcType=VARCHAR},
      update_time = #{updateTime,jdbcType=TIMESTAMP}
    where id_ = #{id,jdbcType=VARCHAR}
  </update>
  <select id="selectByPrimaryKey" parameterType="java.lang.String" resultMap="BaseResultMap">
    <!--
      WARNING - @mbggenerated
      This element is automatically generated by MyBatis Generator, do not modify.
    -->
    select id_, dept_name, parent_id, sort_no, leaf_, enable_, remark_, create_by, create_time, 
    update_by, update_time
    from sys_dept
    where id_ = #{id,jdbcType=VARCHAR}
  </select>
  <select id="selectAll" resultMap="BaseResultMap">
    <!--
      WARNING - @mbggenerated
      This element is automatically generated by MyBatis Generator, do not modify.
    -->
    select id_, dept_name, parent_id, sort_no, leaf_, enable_, remark_, create_by, create_time, 
    update_by, update_time
    from sys_dept
  </select>
</mapper>