<?xml version="1.0" encoding="UTF-8"?>
<!DOCTYPE mapper PUBLIC "-//mybatis.org//DTD Mapper 3.0//EN" "http://mybatis.org/dtd/mybatis-3-mapper.dtd">
<mapper namespace="com.sofn.dao.generator.SysEventMapper">
  <resultMap id="BaseResultMap" type="com.sofn.model.generator.SysEvent">
    <!--
      WARNING - @mbggenerated
      This element is automatically generated by MyBatis Generator, do not modify.
    -->
    <id column="id_" jdbcType="VARCHAR" property="id" />
    <result column="title_" jdbcType="VARCHAR" property="title" />
    <result column="request_uri" jdbcType="VARCHAR" property="requestUri" />
    <result column="parameters_" jdbcType="VARCHAR" property="parameters" />
    <result column="method_" jdbcType="VARCHAR" property="method" />
    <result column="client_host" jdbcType="VARCHAR" property="clientHost" />
    <result column="user_agent" jdbcType="VARCHAR" property="userAgent" />
    <result column="status_" jdbcType="INTEGER" property="status" />
    <result column="enable_" jdbcType="BIT" property="enable" />
    <result column="create_by" jdbcType="VARCHAR" property="createBy" />
    <result column="create_time" jdbcType="TIMESTAMP" property="createTime" />
    <result column="update_by" jdbcType="VARCHAR" property="updateBy" />
    <result column="update_time" jdbcType="TIMESTAMP" property="updateTime" />
    <result column="remark_" jdbcType="LONGVARCHAR" property="remark" />
  </resultMap>
  <delete id="deleteByPrimaryKey" parameterType="java.lang.String">
    <!--
      WARNING - @mbggenerated
      This element is automatically generated by MyBatis Generator, do not modify.
    -->
    delete from sys_event
    where id_ = #{id,jdbcType=VARCHAR}
  </delete>
  <insert id="insert" parameterType="com.sofn.model.generator.SysEvent">
    <!--
      WARNING - @mbggenerated
      This element is automatically generated by MyBatis Generator, do not modify.
    -->
    insert into sys_event (id_, title_, request_uri, 
      parameters_, method_, client_host, 
      user_agent, status_, enable_, 
      create_by, create_time, update_by, 
      update_time, remark_)
    values (#{id,jdbcType=VARCHAR}, #{title,jdbcType=VARCHAR}, #{requestUri,jdbcType=VARCHAR}, 
      #{parameters,jdbcType=VARCHAR}, #{method,jdbcType=VARCHAR}, #{clientHost,jdbcType=VARCHAR}, 
      #{userAgent,jdbcType=VARCHAR}, #{status,jdbcType=INTEGER}, #{enable,jdbcType=BIT}, 
      #{createBy,jdbcType=VARCHAR}, #{createTime,jdbcType=TIMESTAMP}, #{updateBy,jdbcType=VARCHAR}, 
      #{updateTime,jdbcType=TIMESTAMP}, #{remark,jdbcType=LONGVARCHAR})
  </insert>
  <update id="updateByPrimaryKey" parameterType="com.sofn.model.generator.SysEvent">
    <!--
      WARNING - @mbggenerated
      This element is automatically generated by MyBatis Generator, do not modify.
    -->
    update sys_event
    set title_ = #{title,jdbcType=VARCHAR},
      request_uri = #{requestUri,jdbcType=VARCHAR},
      parameters_ = #{parameters,jdbcType=VARCHAR},
      method_ = #{method,jdbcType=VARCHAR},
      client_host = #{clientHost,jdbcType=VARCHAR},
      user_agent = #{userAgent,jdbcType=VARCHAR},
      status_ = #{status,jdbcType=INTEGER},
      enable_ = #{enable,jdbcType=BIT},
      create_by = #{createBy,jdbcType=VARCHAR},
      create_time = #{createTime,jdbcType=TIMESTAMP},
      update_by = #{updateBy,jdbcType=VARCHAR},
      update_time = #{updateTime,jdbcType=TIMESTAMP},
      remark_ = #{remark,jdbcType=LONGVARCHAR}
    where id_ = #{id,jdbcType=VARCHAR}
  </update>
  <select id="selectByPrimaryKey" parameterType="java.lang.String" resultMap="BaseResultMap">
    <!--
      WARNING - @mbggenerated
      This element is automatically generated by MyBatis Generator, do not modify.
    -->
    select id_, title_, request_uri, parameters_, method_, client_host, user_agent, status_, 
    enable_, create_by, create_time, update_by, update_time, remark_
    from sys_event
    where id_ = #{id,jdbcType=VARCHAR}
  </select>
  <select id="selectAll" resultMap="BaseResultMap">
    <!--
      WARNING - @mbggenerated
      This element is automatically generated by MyBatis Generator, do not modify.
    -->
    select id_, title_, request_uri, parameters_, method_, client_host, user_agent, status_, 
    enable_, create_by, create_time, update_by, update_time, remark_
    from sys_event
  </select>
</mapper>