<?xml version="1.0" encoding="UTF-8"?>
<!DOCTYPE mapper PUBLIC "-//mybatis.org//DTD Mapper 3.0//EN" "http://mybatis.org/dtd/mybatis-3-mapper.dtd">
<mapper namespace="com.sofn.dao.generator.SysMenuMapper">
  <resultMap id="BaseResultMap" type="com.sofn.model.generator.SysMenu">
    <!--
      WARNING - @mbggenerated
      This element is automatically generated by MyBatis Generator, do not modify.
    -->
    <id column="id_" jdbcType="VARCHAR" property="id" />
    <result column="menu_name" jdbcType="VARCHAR" property="menuName" />
    <result column="menu_type" jdbcType="BIT" property="menuType" />
    <result column="parent_id" jdbcType="VARCHAR" property="parentId" />
    <result column="iconcls_" jdbcType="VARCHAR" property="iconcls" />
    <result column="request_" jdbcType="VARCHAR" property="request" />
    <result column="expand_" jdbcType="BIT" property="expand" />
    <result column="sort_no" jdbcType="INTEGER" property="sortNo" />
    <result column="is_show" jdbcType="BIT" property="isShow" />
    <result column="permission_" jdbcType="VARCHAR" property="permission" />
    <result column="remark_" jdbcType="VARCHAR" property="remark" />
    <result column="enable_" jdbcType="BIT" property="enable" />
    <result column="create_by" jdbcType="VARCHAR" property="createBy" />
    <result column="create_time" jdbcType="TIMESTAMP" property="createTime" />
    <result column="update_by" jdbcType="VARCHAR" property="updateBy" />
    <result column="update_time" jdbcType="TIMESTAMP" property="updateTime" />
  </resultMap>
  <delete id="deleteByPrimaryKey" parameterType="java.lang.String">
    <!--
      WARNING - @mbggenerated
      This element is automatically generated by MyBatis Generator, do not modify.
    -->
    delete from sys_menu
    where id_ = #{id,jdbcType=VARCHAR}
  </delete>
  <insert id="insert" parameterType="com.sofn.model.generator.SysMenu">
    <!--
      WARNING - @mbggenerated
      This element is automatically generated by MyBatis Generator, do not modify.
    -->
    insert into sys_menu (id_, menu_name, menu_type, 
      parent_id, iconcls_, request_, 
      expand_, sort_no, is_show, permission_, 
      remark_, enable_, create_by, 
      create_time, update_by, update_time
      )
    values (#{id,jdbcType=VARCHAR}, #{menuName,jdbcType=VARCHAR}, #{menuType,jdbcType=BIT}, 
      #{parentId,jdbcType=VARCHAR}, #{iconcls,jdbcType=VARCHAR}, #{request,jdbcType=VARCHAR}, 
      #{expand,jdbcType=BIT}, #{sortNo,jdbcType=INTEGER}, #{isShow,jdbcType=BIT}, #{permission,jdbcType=VARCHAR}, 
      #{remark,jdbcType=VARCHAR}, #{enable,jdbcType=BIT}, #{createBy,jdbcType=VARCHAR}, 
      #{createTime,jdbcType=TIMESTAMP}, #{updateBy,jdbcType=VARCHAR}, #{updateTime,jdbcType=TIMESTAMP}
      )
  </insert>
  <update id="updateByPrimaryKey" parameterType="com.sofn.model.generator.SysMenu">
    <!--
      WARNING - @mbggenerated
      This element is automatically generated by MyBatis Generator, do not modify.
    -->
    update sys_menu
    set menu_name = #{menuName,jdbcType=VARCHAR},
      menu_type = #{menuType,jdbcType=BIT},
      parent_id = #{parentId,jdbcType=VARCHAR},
      iconcls_ = #{iconcls,jdbcType=VARCHAR},
      request_ = #{request,jdbcType=VARCHAR},
      expand_ = #{expand,jdbcType=BIT},
      sort_no = #{sortNo,jdbcType=INTEGER},
      is_show = #{isShow,jdbcType=BIT},
      permission_ = #{permission,jdbcType=VARCHAR},
      remark_ = #{remark,jdbcType=VARCHAR},
      enable_ = #{enable,jdbcType=BIT},
      create_by = #{createBy,jdbcType=VARCHAR},
      create_time = #{createTime,jdbcType=TIMESTAMP},
      update_by = #{updateBy,jdbcType=VARCHAR},
      update_time = #{updateTime,jdbcType=TIMESTAMP}
    where id_ = #{id,jdbcType=VARCHAR}
  </update>
  <select id="selectByPrimaryKey" parameterType="java.lang.String" resultMap="BaseResultMap">
    <!--
      WARNING - @mbggenerated
      This element is automatically generated by MyBatis Generator, do not modify.
    -->
    select id_, menu_name, menu_type, parent_id, iconcls_, request_, expand_, sort_no, 
    is_show, permission_, remark_, enable_, create_by, create_time, update_by, update_time
    from sys_menu
    where id_ = #{id,jdbcType=VARCHAR}
  </select>
  <select id="selectAll" resultMap="BaseResultMap">
    <!--
      WARNING - @mbggenerated
      This element is automatically generated by MyBatis Generator, do not modify.
    -->
    select id_, menu_name, menu_type, parent_id, iconcls_, request_, expand_, sort_no, 
    is_show, permission_, remark_, enable_, create_by, create_time, update_by, update_time
    from sys_menu
  </select>
</mapper>