<?xml version="1.0" encoding="UTF-8"?>
<!DOCTYPE mapper PUBLIC "-//mybatis.org//DTD Mapper 3.0//EN" "http://mybatis.org/dtd/mybatis-3-mapper.dtd">
<mapper namespace="com.sofn.dao.generator.SysParamMapper">
  <resultMap id="BaseResultMap" type="com.sofn.model.generator.SysParam">
    <!--
      WARNING - @mbggenerated
      This element is automatically generated by MyBatis Generator, do not modify.
    -->
    <id column="id_" jdbcType="VARCHAR" property="id" />
    <result column="param_key" jdbcType="VARCHAR" property="paramKey" />
    <result column="param_value" jdbcType="VARCHAR" property="paramValue" />
    <result column="catalog_id" jdbcType="VARCHAR" property="catalogId" />
    <result column="remark_" jdbcType="VARCHAR" property="remark" />
    <result column="enable_" jdbcType="BIT" property="enable" />
    <result column="create_by" jdbcType="VARCHAR" property="createBy" />
    <result column="create_time" jdbcType="TIMESTAMP" property="createTime" />
    <result column="update_by" jdbcType="VARCHAR" property="updateBy" />
    <result column="update_time" jdbcType="TIMESTAMP" property="updateTime" />
  </resultMap>
  <delete id="deleteByPrimaryKey" parameterType="java.lang.String">
    <!--
      WARNING - @mbggenerated
      This element is automatically generated by MyBatis Generator, do not modify.
    -->
    delete from sys_param
    where id_ = #{id,jdbcType=VARCHAR}
  </delete>
  <insert id="insert" parameterType="com.sofn.model.generator.SysParam">
    <!--
      WARNING - @mbggenerated
      This element is automatically generated by MyBatis Generator, do not modify.
    -->
    insert into sys_param (id_, param_key, param_value, 
      catalog_id, remark_, enable_, 
      create_by, create_time, update_by, 
      update_time)
    values (#{id,jdbcType=VARCHAR}, #{paramKey,jdbcType=VARCHAR}, #{paramValue,jdbcType=VARCHAR}, 
      #{catalogId,jdbcType=VARCHAR}, #{remark,jdbcType=VARCHAR}, #{enable,jdbcType=BIT}, 
      #{createBy,jdbcType=VARCHAR}, #{createTime,jdbcType=TIMESTAMP}, #{updateBy,jdbcType=VARCHAR}, 
      #{updateTime,jdbcType=TIMESTAMP})
  </insert>
  <update id="updateByPrimaryKey" parameterType="com.sofn.model.generator.SysParam">
    <!--
      WARNING - @mbggenerated
      This element is automatically generated by MyBatis Generator, do not modify.
    -->
    update sys_param
    set param_key = #{paramKey,jdbcType=VARCHAR},
      param_value = #{paramValue,jdbcType=VARCHAR},
      catalog_id = #{catalogId,jdbcType=VARCHAR},
      remark_ = #{remark,jdbcType=VARCHAR},
      enable_ = #{enable,jdbcType=BIT},
      create_by = #{createBy,jdbcType=VARCHAR},
      create_time = #{createTime,jdbcType=TIMESTAMP},
      update_by = #{updateBy,jdbcType=VARCHAR},
      update_time = #{updateTime,jdbcType=TIMESTAMP}
    where id_ = #{id,jdbcType=VARCHAR}
  </update>
  <select id="selectByPrimaryKey" parameterType="java.lang.String" resultMap="BaseResultMap">
    <!--
      WARNING - @mbggenerated
      This element is automatically generated by MyBatis Generator, do not modify.
    -->
    select id_, param_key, param_value, catalog_id, remark_, enable_, create_by, create_time, 
    update_by, update_time
    from sys_param
    where id_ = #{id,jdbcType=VARCHAR}
  </select>
  <select id="selectAll" resultMap="BaseResultMap">
    <!--
      WARNING - @mbggenerated
      This element is automatically generated by MyBatis Generator, do not modify.
    -->
    select id_, param_key, param_value, catalog_id, remark_, enable_, create_by, create_time, 
    update_by, update_time
    from sys_param
  </select>
</mapper>