<?xml version="1.0" encoding="UTF-8"?>
<!DOCTYPE mapper PUBLIC "-//mybatis.org//DTD Mapper 3.0//EN" "http://mybatis.org/dtd/mybatis-3-mapper.dtd">
<mapper namespace="com.sofn.dao.generator.SysSessionMapper">
  <resultMap id="BaseResultMap" type="com.sofn.model.generator.SysSession">
    <!--
      WARNING - @mbggenerated
      This element is automatically generated by MyBatis Generator, do not modify.
    -->
    <id column="id_" jdbcType="VARCHAR" property="id" />
    <result column="session_id" jdbcType="VARCHAR" property="sessionId" />
    <result column="account_" jdbcType="VARCHAR" property="account" />
    <result column="ip_" jdbcType="VARCHAR" property="ip" />
    <result column="start_time" jdbcType="TIMESTAMP" property="startTime" />
    <result column="enable_" jdbcType="BIT" property="enable" />
    <result column="remark_" jdbcType="VARCHAR" property="remark" />
    <result column="create_time" jdbcType="TIMESTAMP" property="createTime" />
    <result column="create_by" jdbcType="VARCHAR" property="createBy" />
    <result column="update_time" jdbcType="TIMESTAMP" property="updateTime" />
    <result column="update_by" jdbcType="VARCHAR" property="updateBy" />
  </resultMap>
  <delete id="deleteByPrimaryKey" parameterType="java.lang.String">
    <!--
      WARNING - @mbggenerated
      This element is automatically generated by MyBatis Generator, do not modify.
    -->
    delete from sys_session
    where id_ = #{id,jdbcType=VARCHAR}
  </delete>
  <insert id="insert" parameterType="com.sofn.model.generator.SysSession">
    <!--
      WARNING - @mbggenerated
      This element is automatically generated by MyBatis Generator, do not modify.
    -->
    insert into sys_session (id_, session_id, account_, 
      ip_, start_time, enable_, 
      remark_, create_time, create_by, 
      update_time, update_by)
    values (#{id,jdbcType=VARCHAR}, #{sessionId,jdbcType=VARCHAR}, #{account,jdbcType=VARCHAR}, 
      #{ip,jdbcType=VARCHAR}, #{startTime,jdbcType=TIMESTAMP}, #{enable,jdbcType=BIT}, 
      #{remark,jdbcType=VARCHAR}, #{createTime,jdbcType=TIMESTAMP}, #{createBy,jdbcType=VARCHAR}, 
      #{updateTime,jdbcType=TIMESTAMP}, #{updateBy,jdbcType=VARCHAR})
  </insert>
  <update id="updateByPrimaryKey" parameterType="com.sofn.model.generator.SysSession">
    <!--
      WARNING - @mbggenerated
      This element is automatically generated by MyBatis Generator, do not modify.
    -->
    update sys_session
    set session_id = #{sessionId,jdbcType=VARCHAR},
      account_ = #{account,jdbcType=VARCHAR},
      ip_ = #{ip,jdbcType=VARCHAR},
      start_time = #{startTime,jdbcType=TIMESTAMP},
      enable_ = #{enable,jdbcType=BIT},
      remark_ = #{remark,jdbcType=VARCHAR},
      create_time = #{createTime,jdbcType=TIMESTAMP},
      create_by = #{createBy,jdbcType=VARCHAR},
      update_time = #{updateTime,jdbcType=TIMESTAMP},
      update_by = #{updateBy,jdbcType=VARCHAR}
    where id_ = #{id,jdbcType=VARCHAR}
  </update>
  <select id="selectByPrimaryKey" parameterType="java.lang.String" resultMap="BaseResultMap">
    <!--
      WARNING - @mbggenerated
      This element is automatically generated by MyBatis Generator, do not modify.
    -->
    select id_, session_id, account_, ip_, start_time, enable_, remark_, create_time, 
    create_by, update_time, update_by
    from sys_session
    where id_ = #{id,jdbcType=VARCHAR}
  </select>
  <select id="selectAll" resultMap="BaseResultMap">
    <!--
      WARNING - @mbggenerated
      This element is automatically generated by MyBatis Generator, do not modify.
    -->
    select id_, session_id, account_, ip_, start_time, enable_, remark_, create_time, 
    create_by, update_time, update_by
    from sys_session
  </select>
</mapper>