<?xml version="1.0" encoding="UTF-8"?>
<!DOCTYPE mapper PUBLIC "-//mybatis.org//DTD Mapper 3.0//EN" "http://mybatis.org/dtd/mybatis-3-mapper.dtd">
<mapper namespace="com.sofn.dao.generator.SysUserMapper">
  <resultMap id="BaseResultMap" type="com.sofn.model.generator.SysUser">
    <!--
      WARNING - @mbggenerated
      This element is automatically generated by MyBatis Generator, do not modify.
    -->
    <id column="id_" jdbcType="VARCHAR" property="id" />
    <result column="account_" jdbcType="VARCHAR" property="account" />
    <result column="password_" jdbcType="VARCHAR" property="password" />
    <result column="phone_" jdbcType="VARCHAR" property="phone" />
    <result column="sex_" jdbcType="INTEGER" property="sex" />
    <result column="user_name" jdbcType="VARCHAR" property="userName" />
    <result column="avatar_" jdbcType="VARCHAR" property="avatar" />
    <result column="user_type" jdbcType="INTEGER" property="userType" />
    <result column="dept_id" jdbcType="VARCHAR" property="deptId" />
    <result column="locked_" jdbcType="BIT" property="locked" />
    <result column="enable_" jdbcType="BIT" property="enable" />
    <result column="remark_" jdbcType="VARCHAR" property="remark" />
    <result column="create_time" jdbcType="TIMESTAMP" property="createTime" />
    <result column="create_by" jdbcType="VARCHAR" property="createBy" />
    <result column="update_time" jdbcType="TIMESTAMP" property="updateTime" />
    <result column="update_by" jdbcType="VARCHAR" property="updateBy" />
  </resultMap>
  <delete id="deleteByPrimaryKey" parameterType="java.lang.String">
    <!--
      WARNING - @mbggenerated
      This element is automatically generated by MyBatis Generator, do not modify.
    -->
    delete from sys_user
    where id_ = #{id,jdbcType=VARCHAR}
  </delete>
  <insert id="insert" parameterType="com.sofn.model.generator.SysUser">
    <!--
      WARNING - @mbggenerated
      This element is automatically generated by MyBatis Generator, do not modify.
    -->
    insert into sys_user (id_, account_, password_, 
      phone_, sex_, user_name, 
      avatar_, user_type, dept_id, 
      locked_, enable_, remark_, create_time, 
      create_by, update_time, update_by
      )
    values (#{id,jdbcType=VARCHAR}, #{account,jdbcType=VARCHAR}, #{password,jdbcType=VARCHAR}, 
      #{phone,jdbcType=VARCHAR}, #{sex,jdbcType=INTEGER}, #{userName,jdbcType=VARCHAR}, 
      #{avatar,jdbcType=VARCHAR}, #{userType,jdbcType=INTEGER}, #{deptId,jdbcType=VARCHAR}, 
      #{locked,jdbcType=BIT}, #{enable,jdbcType=BIT}, #{remark,jdbcType=VARCHAR}, #{createTime,jdbcType=TIMESTAMP}, 
      #{createBy,jdbcType=VARCHAR}, #{updateTime,jdbcType=TIMESTAMP}, #{updateBy,jdbcType=VARCHAR}
      )
  </insert>
  <update id="updateByPrimaryKey" parameterType="com.sofn.model.generator.SysUser">
    <!--
      WARNING - @mbggenerated
      This element is automatically generated by MyBatis Generator, do not modify.
    -->
    update sys_user
    set account_ = #{account,jdbcType=VARCHAR},
      password_ = #{password,jdbcType=VARCHAR},
      phone_ = #{phone,jdbcType=VARCHAR},
      sex_ = #{sex,jdbcType=INTEGER},
      user_name = #{userName,jdbcType=VARCHAR},
      avatar_ = #{avatar,jdbcType=VARCHAR},
      user_type = #{userType,jdbcType=INTEGER},
      dept_id = #{deptId,jdbcType=VARCHAR},
      locked_ = #{locked,jdbcType=BIT},
      enable_ = #{enable,jdbcType=BIT},
      remark_ = #{remark,jdbcType=VARCHAR},
      create_time = #{createTime,jdbcType=TIMESTAMP},
      create_by = #{createBy,jdbcType=VARCHAR},
      update_time = #{updateTime,jdbcType=TIMESTAMP},
      update_by = #{updateBy,jdbcType=VARCHAR}
    where id_ = #{id,jdbcType=VARCHAR}
  </update>
  <select id="selectByPrimaryKey" parameterType="java.lang.String" resultMap="BaseResultMap">
    <!--
      WARNING - @mbggenerated
      This element is automatically generated by MyBatis Generator, do not modify.
    -->
    select id_, account_, password_, phone_, sex_, user_name, avatar_, user_type, dept_id, 
    locked_, enable_, remark_, create_time, create_by, update_time, update_by
    from sys_user
    where id_ = #{id,jdbcType=VARCHAR}
  </select>
  <select id="selectAll" resultMap="BaseResultMap">
    <!--
      WARNING - @mbggenerated
      This element is automatically generated by MyBatis Generator, do not modify.
    -->
    select id_, account_, password_, phone_, sex_, user_name, avatar_, user_type, dept_id, 
    locked_, enable_, remark_, create_time, create_by, update_time, update_by
    from sys_user
  </select>
</mapper>