<?xml version="1.0" encoding="UTF-8"?>
<!DOCTYPE mapper PUBLIC "-//mybatis.org//DTD Mapper 3.0//EN" "http://mybatis.org/dtd/mybatis-3-mapper.dtd">
<mapper namespace="com.sofn.dao.generator.SysUserMenuMapper">
  <resultMap id="BaseResultMap" type="com.sofn.model.generator.SysUserMenu">
    <!--
      WARNING - @mbggenerated
      This element is automatically generated by MyBatis Generator, do not modify.
    -->
    <id column="user_id" jdbcType="VARCHAR" property="userId" />
    <id column="menu_id" jdbcType="VARCHAR" property="menuId" />
    <id column="permission_" jdbcType="VARCHAR" property="permission" />
    <result column="enable_" jdbcType="BIT" property="enable" />
    <result column="remark_" jdbcType="VARCHAR" property="remark" />
    <result column="create_by" jdbcType="VARCHAR" property="createBy" />
    <result column="create_time" jdbcType="TIMESTAMP" property="createTime" />
    <result column="update_by" jdbcType="VARCHAR" property="updateBy" />
    <result column="update_time" jdbcType="TIMESTAMP" property="updateTime" />
  </resultMap>
  <delete id="deleteByPrimaryKey" parameterType="map">
    <!--
      WARNING - @mbggenerated
      This element is automatically generated by MyBatis Generator, do not modify.
    -->
    delete from sys_user_menu
    where user_id = #{userId,jdbcType=VARCHAR}
      and menu_id = #{menuId,jdbcType=VARCHAR}
      and permission_ = #{permission,jdbcType=VARCHAR}
  </delete>
  <insert id="insert" parameterType="com.sofn.model.generator.SysUserMenu">
    <!--
      WARNING - @mbggenerated
      This element is automatically generated by MyBatis Generator, do not modify.
    -->
    insert into sys_user_menu (user_id, menu_id, permission_, 
      enable_, remark_, create_by, 
      create_time, update_by, update_time
      )
    values (#{userId,jdbcType=VARCHAR}, #{menuId,jdbcType=VARCHAR}, #{permission,jdbcType=VARCHAR}, 
      #{enable,jdbcType=BIT}, #{remark,jdbcType=VARCHAR}, #{createBy,jdbcType=VARCHAR}, 
      #{createTime,jdbcType=TIMESTAMP}, #{updateBy,jdbcType=VARCHAR}, #{updateTime,jdbcType=TIMESTAMP}
      )
  </insert>
  <update id="updateByPrimaryKey" parameterType="com.sofn.model.generator.SysUserMenu">
    <!--
      WARNING - @mbggenerated
      This element is automatically generated by MyBatis Generator, do not modify.
    -->
    update sys_user_menu
    set enable_ = #{enable,jdbcType=BIT},
      remark_ = #{remark,jdbcType=VARCHAR},
      create_by = #{createBy,jdbcType=VARCHAR},
      create_time = #{createTime,jdbcType=TIMESTAMP},
      update_by = #{updateBy,jdbcType=VARCHAR},
      update_time = #{updateTime,jdbcType=TIMESTAMP}
    where user_id = #{userId,jdbcType=VARCHAR}
      and menu_id = #{menuId,jdbcType=VARCHAR}
      and permission_ = #{permission,jdbcType=VARCHAR}
  </update>
  <select id="selectByPrimaryKey" parameterType="map" resultMap="BaseResultMap">
    <!--
      WARNING - @mbggenerated
      This element is automatically generated by MyBatis Generator, do not modify.
    -->
    select user_id, menu_id, permission_, enable_, remark_, create_by, create_time, update_by, 
    update_time
    from sys_user_menu
    where user_id = #{userId,jdbcType=VARCHAR}
      and menu_id = #{menuId,jdbcType=VARCHAR}
      and permission_ = #{permission,jdbcType=VARCHAR}
  </select>
  <select id="selectAll" resultMap="BaseResultMap">
    <!--
      WARNING - @mbggenerated
      This element is automatically generated by MyBatis Generator, do not modify.
    -->
    select user_id, menu_id, permission_, enable_, remark_, create_by, create_time, update_by, 
    update_time
    from sys_user_menu
  </select>
</mapper>