<?xml version="1.0" encoding="UTF-8"?>
<beans xmlns="http://www.springframework.org/schema/beans"
	xmlns:xsi="http://www.w3.org/2001/XMLSchema-instance"
	xmlns:context="http://www.springframework.org/schema/context"
	xmlns:mvc="http://www.springframework.org/schema/mvc"
	xsi:schemaLocation="http://www.springframework.org/schema/beans
                        http://www.springframework.org/schema/beans/spring-beans-4.2.xsd  
                        http://www.springframework.org/schema/context  
                        http://www.springframework.org/schema/context/spring-context-4.2.xsd  
                        http://www.springframework.org/schema/mvc  
                        http://www.springframework.org/schema/mvc/spring-mvc-4.2.xsd">
	<!-- 自动扫描该包，使SpringMVC认为包下用了@controller注解的类是控制器 -->
	<context:component-scan base-package="com.sofn.web" />
	<mvc:annotation-driven />
	<!-- 拦截器 -->
	<mvc:interceptors>
		<mvc:interceptor>
			<mvc:mapping path="/**" />
			<mvc:exclude-mapping path="/*.ico" />
			<mvc:exclude-mapping path="/*/api-docs" />
			<mvc:exclude-mapping path="/swagger**" />
			<mvc:exclude-mapping path="/webjars/**" />
			<mvc:exclude-mapping path="/configuration/**" />
			<bean class="com.sofn.core.interceptor.MaliciousRequestInterceptor">
				<property name="minRequestIntervalTime" value="1000" />
				<property name="maxMaliciousTimes" value="0" />
				<property name="nextInterceptor">
					<array>
						<bean class="com.sofn.core.interceptor.LocaleInterceptor" />
						<bean class="com.sofn.core.interceptor.EventInterceptor" />
					</array>
				</property>
			</bean>
		</mvc:interceptor>
	</mvc:interceptors>
	<!-- AOP式方法级权限检查  -->
	<bean class="org.springframework.aop.framework.autoproxy.DefaultAdvisorAutoProxyCreator"
		depends-on="lifecycleBeanPostProcessor">
		<property name="proxyTargetClass" value="true" />
	</bean>
	<bean class="org.apache.shiro.spring.security.interceptor.AuthorizationAttributeSourceAdvisor">
    	<property name="securityManager" ref="securityManager"/>
	</bean>
	<!--  -->
	<mvc:view-resolvers>
	    <mvc:jsp cache-views="false" prefix="/WEB-INF/jsp/" suffix=".jsp" />  
	</mvc:view-resolvers>
	<bean class="org.springframework.web.servlet.mvc.method.annotation.RequestMappingHandlerAdapter">
		<description>注解controller方法适配器</description>
		<property name="messageConverters">
			<list><!--JSON转换器 -->
				<bean class="org.springframework.http.converter.json.MappingJackson2HttpMessageConverter">
					<property name="supportedMediaTypes" value="application/json;charset=UTF-8" />
				</bean>
			</list>
		</property>
	</bean>
	<bean class="org.springframework.web.multipart.commons.CommonsMultipartResolver">
		<description>配置文件上传</description>
		<property name="defaultEncoding" value="utf-8" />
		<!-- 文件大小最大值 -->
		<property name="maxUploadSize" value="10485760000" />
		<!-- 内存中的最大值 -->
		<property name="maxInMemorySize" value="40960" />
	</bean>
	<!-- 资源重定向(仅作为后台使用不提供静态资源) -->
	<mvc:resources mapping="upload/**" location="/WEB-INF/upload/" cache-period="300" />
	<mvc:resources mapping="swagger-ui.html" location="classpath:/META-INF/resources/"/>
	<mvc:resources mapping="webjars/**" location="classpath:/META-INF/resources/webjars/"/>
</beans>