<?xml version="1.0" encoding="UTF-8"?>
<beans xmlns:xsi="http://www.w3.org/2001/XMLSchema-instance"
	   xmlns="http://www.springframework.org/schema/beans" xmlns:p="http://www.springframework.org/schema/p"
	   xmlns:context="http://www.springframework.org/schema/context" xmlns:cache="http://www.springframework.org/schema/cache"
	   xsi:schemaLocation="http://www.springframework.org/schema/beans
                        http://www.springframework.org/schema/beans/spring-beans-4.0.xsd
                        http://www.springframework.org/schema/context
                        http://www.springframework.org/schema/context/spring-context-4.0.xsd http://www.springframework.org/schema/cache http://www.springframework.org/schema/cache/spring-cache.xsd">

	<!-- 启用缓存注解功能，这个是必须的，否则注解不会生效，另外，该注解一定要声明在spring主配置文件中才会生效 -->
	<cache:annotation-driven cache-manager="cacheManager" />
	<!-- spring自己的缓存管理器，这里定义了缓存位置名称 ，即注解中的value -->
	<bean id="cacheManager" class="org.springframework.cache.support.SimpleCacheManager">
		<property name="caches">
			<set>
				<!-- 这里可以配置多个redis -->
				<bean class="com.sofn.core.config.RedisCache">
					<property name="redisTemplate" ref="redisTemplate" />
					<property name="name" value="default"/>
				</bean>
				<bean class="com.sofn.core.config.RedisCache">
					<property name="redisTemplate" ref="stringRedisTemplate" />
					<property name="name" value="common"/>
					<!-- common名称要在类或方法的注解中使用 -->
				</bean>
			</set>
		</property>
	</bean>
	<!-- 集群配置 -->
	<bean id="jedisClusterConfig" class="org.springframework.data.redis.connection.RedisClusterConfiguration">
		<constructor-arg name="clusterNodes">
			<set>
				<value>192.168.21.247:6379</value>
				<value>192.168.21.248:6379</value>
				<value>192.168.21.249:6379</value>
			</set>
		</constructor-arg>
	</bean>
	<!-- Jedis线程 -->
	<bean id="jedisPoolConfig" class="redis.clients.jedis.JedisPoolConfig">
		<property name="maxIdle" value="${redis.maxIdle}" />
		<property name="minIdle" value="${redis.minIdle}" />
		<property name="maxTotal" value="${redis.maxTotal}" />
		<property name="testOnBorrow" value="true" />
	</bean>


	<!--////////////////////////////////////////////////////////////////////////////////////////-->
	<!-- Redis连接 本地单实例 本地测试环境用 -->
	<bean id="jedisConnectionFactory"
		  class="org.springframework.data.redis.connection.jedis.JedisConnectionFactory">
		<property name="hostName" value="${redis.host}" />
		<property name="port" value="${redis.port}" />
		<property name="poolConfig" ref="jedisPoolConfig" />
	</bean>

	<!--////////////////////////////////////////////////////////////////////////////////////////-->

	<!-- Redis连接 集群方式 生产开发环境用 -->
	<!--<bean id="jedisConnectionFactory"-->
	<!--class="org.springframework.data.redis.connection.jedis.JedisConnectionFactory" >-->
	<!--<constructor-arg name="clusterConfig" ref="jedisClusterConfig" />-->
	<!--<constructor-arg name="poolConfig" ref="jedisPoolConfig"/>-->
	<!--</bean>-->
	<!--////////////////////////////////////////////////////////////////////////////////////////-->

	<!-- 缓存序列化方式 -->
	<bean id="keySerializer" class="org.springframework.data.redis.serializer.StringRedisSerializer" />
	<bean id="valueSerializer" class="org.springframework.data.redis.serializer.GenericJackson2JsonRedisSerializer" />
	<!-- 缓存 -->
	<bean id="redisTemplate" class="org.springframework.data.redis.core.RedisTemplate">
		<property name="connectionFactory" ref="jedisConnectionFactory" />
		<property name="keySerializer" ref="keySerializer" />
		<property name="valueSerializer" ref="valueSerializer" />
		<property name="hashKeySerializer" ref="keySerializer" />
		<property name="hashValueSerializer" ref="valueSerializer" />
	</bean>
	<bean id="redisCacheManager" class="org.springframework.data.redis.cache.RedisCacheManager">
		<constructor-arg index="0" ref="redisTemplate" />
		<property name="defaultExpiration" value="${redis.expiration}" />
	</bean>
	<!-- 使用StringRedisTemplate 结果更加友好 用于普通的 k-v (string)-->
	<bean id="stringRedisTemplate" class="org.springframework.data.redis.core.StringRedisTemplate">
		<property name="connectionFactory" ref="jedisConnectionFactory" />
	</bean>
</beans>