<?xml version="1.0" encoding="UTF-8"?>
<beans xmlns:xsi="http://www.w3.org/2001/XMLSchema-instance"
	   xmlns="http://www.springframework.org/schema/beans" xmlns:context="http://www.springframework.org/schema/context"
	   xsi:schemaLocation="http://www.springframework.org/schema/beans
        http://www.springframework.org/schema/beans/spring-beans-4.0.xsd  
        http://www.springframework.org/schema/context
        http://www.springframework.org/schema/context/spring-context-4.0.xsd">
	<!-- SPRING-SESSION -->
	<bean class="org.springframework.session.data.redis.config.annotation.web.http.RedisHttpSessionConfiguration">
		<description>会话有效期(秒)</description>
		<property name="maxInactiveIntervalInSeconds" value="600" />
		<property name="redisNamespace" value="sofn" />
	</bean>
	<bean class="org.springframework.session.config.annotation.web.http.SpringHttpSessionConfiguration">
		<property name="httpSessionListeners">
			<list>
				<bean class="com.sofn.core.listener.SessionListener" />
			</list>
		</property>
	</bean>
</beans>