<?xml version="1.0" encoding="UTF-8" ?>
<!DOCTYPE mapper PUBLIC "-//mybatis.org//DTD Mapper 3.0//EN" "http://mybatis.org/dtd/mybatis-3-mapper.dtd" >
<mapper namespace="com.sofn.dao.sys.SysRoleExpandMapper">
	<select id="query" parameterType="java.util.Map" resultType="java.lang.String">
		select id_ from sys_role where 1=1
		<if test="dept_id != null">
			and dept_id = #{dept_id}
		</if>
		<if test="keyword != null">
			and role_name like CONCAT('%',#{keyword},'%')
		</if>
	</select>
	<select id="queryPermission" resultType="java.lang.String">
		select CONCAT(menu_name,'(', GROUP_CONCAT(code_text), ')')
		from sys_role_menu rm
		join sys_menu m on rm.menu_id=m.id_
		join sys_dic d on rm.permission_=d.code_
		join sys_dic_index di on d.index_id=di.id_ and di.key_='CRUD'
		where 1=1
		<if test="roleId != null">
			and rm.role_id= #{roleId}
		</if>
		group by menu_name
		order by menu_id
	</select>
	<select id="getRoleByUserId" resultType="com.sofn.model.sys.SysRoleBean">
		SELECT
			sr.id_ as id,
			sr.role_name as roleName
		FROM sys_user_role AS sur
			LEFT JOIN sys_user AS su ON su.id_ = sur.user_id
			LEFT JOIN sys_role AS sr ON sr.id_ = sur.role_id
		WHERE sur.user_id = #{userId}
	</select>
</mapper>