<?xml version="1.0" encoding="UTF-8" ?>
<!DOCTYPE mapper PUBLIC "-//mybatis.org//DTD Mapper 3.0//EN" "http://mybatis.org/dtd/mybatis-3-mapper.dtd" >
<mapper namespace="com.sofn.dao.sys.SysSessionExpandMapper">
	<delete id="deleteBySessionId" parameterType="java.lang.String">
		delete from
		sys_session where session_id=#{sessionId}
	</delete>
	<select id="query" parameterType="java.util.Map" resultType="java.lang.String">
		select id_ from sys_session where 1=1
		<if test="keyword != null">
			and (account_ like CONCAT('%',#{keyword},'%') or session_id like CONCAT('%',#{keyword},'%')
			or ip_ like CONCAT('%',#{keyword},'%'))
		</if>
	</select>
	<select id="queryBySessionId" resultType="java.lang.String">
		select id_ from sys_session where session_id = #{sessionId}
	</select>
	<select id="querySessionIdByAccount" resultType="java.lang.String">
		select session_id from sys_session where account_ = #{account}
	</select>
</mapper>