<?xml version="1.0" encoding="UTF-8"?>
<!DOCTYPE mapper PUBLIC "-//mybatis.org//DTD Mapper 3.0//EN" "http://mybatis.org/dtd/mybatis-3-mapper.dtd">
<mapper namespace="com.sofn.dao.asms.AsmsCheckTaskExpandMapper">
    <resultMap id="BaseResultMap" type="com.sofn.model.generator.AsmsCheckTask">
        <id column="ID" property="id" jdbcType="CHAR" />
        <result column="TASK_NAME" property="taskName" jdbcType="VARCHAR" />
        <result column="TASK_TYPE" property="taskType" jdbcType="VARCHAR" />
        <result column="TASK_YEAR" property="taskYear" jdbcType="CHAR" />
        <result column="TASK_BEGIN_TIME" property="taskBeginTime" jdbcType="TIMESTAMP" />
        <result column="TASK_END_TIME" property="taskEndTime" jdbcType="TIMESTAMP" />
        <result column="TASK_RELEASE_UNIT" property="taskReleaseUnit" jdbcType="VARCHAR" />
        <result column="FILES" property="files" jdbcType="VARCHAR" />
        <result column="FILE_CODE" property="fileCode" jdbcType="VARCHAR" />
        <result column="REMARK" property="remark" jdbcType="VARCHAR" />
        <result column="TASK_LEVEL" property="taskLevel" jdbcType="CHAR" />
        <result column="STATE" property="state" jdbcType="VARCHAR" />
        <result column="CREATE_BY" property="createBy" jdbcType="CHAR" />
        <result column="CREATE_TIME" property="createTime" jdbcType="TIMESTAMP" />
        <result column="UPDATE_BY" property="updateBy" jdbcType="CHAR" />
        <result column="UPDATE_TIME" property="updateTime" jdbcType="TIMESTAMP" />
        <result column="ENABLE" property="enable" jdbcType="CHAR" />
    </resultMap>

    <!--列表-->
    <select id="getPagesList" resultType="java.util.Map">
        SELECT * FROM (
        SELECT
        M.ID AS id,
        M.TASK_NAME AS taskName,
        M.TASK_TYPE AS taskType,
        M.TASK_YEAR AS taskYear,
        M.TASK_BEGIN_TIME AS taskBeginTime,
        M.TASK_END_TIME AS taskEndTime,
        M.TASK_RELEASE_UNIT AS taskReleaseUnit,
        M.FILES AS files,
        M.FILE_CODE AS fileCode,
        M.REMARK AS remark,
        M.TASK_LEVEL AS taskLevel,
        M.STATE AS state,
        M.CREATE_BY AS createBy,
        M.CREATE_TIME AS createTime,
        M.UPDATE_BY AS updateBy,
        M.UPDATE_TIME AS updateTime,
        M.ENABLE AS enable,
        ROWNUM AS rn
        FROM
        ASMS_CHECK_TASK M
        WHERE 1=1 AND M.ENABLE=1
        <if test="state!=null and state!=''">
            AND M.STATE = #{state}
        </if>
        <if test="taskName!=null and taskName!=''">
            AND M.TASK_NAME LIKE #{taskName}
        </if>
        <if test="dateBegin!=null and dateBegin!=''">
            AND M.TASK_BEGIN_TIME &gt;=to_date(#{dateBegin},'yyyy-MM-dd')
        </if>
        <if test="dateEnd!=null and dateEnd!=''">
            AND M.TASK_END_TIME &lt;=to_date(#{dateEnd},'yyyy-MM-dd')
        </if>
        )
        WHERE rn BETWEEN 1+#{pageSize}*(#{pageNum}-1) AND #{pageSize}*#{pageNum}
    </select>

    <select id="getPageCount" resultType="java.lang.Long">
        SELECT COUNT(*) FROM ASMS_CHECK_TASK M
        WHERE 1=1 AND M.ENABLE=1
        <if test="state!=null and state!=''">
            AND M.STATE = #{state}
        </if>
        <if test="taskName!=null and taskName!=''">
            AND M.TASK_NAME LIKE #{taskName}
        </if>
        <if test="dateBegin!=null and dateBegin!=''">
            AND M.TASK_BEGIN_TIME &gt;=to_date(#{dateBegin},'yyyy-MM-dd')
        </if>
        <if test="dateEnd!=null and dateEnd!=''">
            AND M.TASK_END_TIME &lt;=to_date(#{dateEnd},'yyyy-MM-dd')
        </if>
    </select>
</mapper>