<?xml version="1.0" encoding="UTF-8" ?>
<!DOCTYPE mapper PUBLIC "-//mybatis.org//DTD Mapper 3.0//EN" "http://mybatis.org/dtd/mybatis-3-mapper.dtd" >
<mapper namespace="com.sofn.dao.asms.AsmsInspectionTaskExpandMapper">
    <resultMap id="BaseResultMap" type="com.sofn.model.generator.AsmsInspectionTask">
        <!--
          WARNING - @mbggenerated
          This element is automatically generated by MyBatis Generator, do not modify.
        -->
        <id column="ID" property="id" jdbcType="CHAR"/>
        <result column="TASK_TYPE" property="taskType" jdbcType="CHAR"/>
        <result column="TASK_DATE_TYPE" property="taskDateType" jdbcType="CHAR"/>
        <result column="TASK_DATE" property="taskDate" jdbcType="VARCHAR"/>
        <result column="INSPECTION_AREA_ID" property="inspectionAreaId" jdbcType="VARCHAR"/>
        <result column="INSPECTION_COUNT" property="inspectionCount" jdbcType="DECIMAL"/>
        <result column="ENABLE" property="enable" jdbcType="CHAR"/>
        <result column="CREATE_BY" property="createBy" jdbcType="CHAR"/>
        <result column="CREATE_TIME" property="createTime" jdbcType="TIMESTAMP"/>
        <result column="UPDATE_BY" property="updateBy" jdbcType="CHAR"/>
        <result column="UPDATE_TIME" property="updateTime" jdbcType="TIMESTAMP"/>
    </resultMap>

    <!--获取考核人员列表-->
    <select id="getPageList" parameterType="java.util.Map" resultType="java.lang.String">
        select ID from ASMS_INSPECTION_TASK where 1=1
        <if test="key != null">
            and exists (select 1 from sys_dic_index where sys_dic.index_id=sys_dic_index.id_
            and sys_dic_index.key_=#{key})
        </if>
    </select>
    <select id="findById" resultMap="BaseResultMap" parameterType="map">
      select ID, TASK_TYPE, TASK_DATE_TYPE, TASK_DATE, INSPECTION_AREA_ID, INSPECTION_COUNT,
      ENABLE, CREATE_BY, CREATE_TIME, UPDATE_BY, UPDATE_TIME
      from ASMS_INSPECTION_TASK
      where ID = ${id}
    </select>

    <!--pageExpand-->
    <select id="getPagesList" resultType="map">
        SELECT * FROM (
        SELECT
        TASKForm.ID AS id,
        TASKForm.TASK_TYPE AS taskType,
        TASKForm.TASK_DATE AS taskDate,
        TASKForm.TASK_DATE_TYPE AS taskDateType,
        TASKForm.INSPECTION_AREA_ID AS inspectionAreaId,
        TASKForm.INSPECTION_COUNT AS inspectionCount,
        ROWNUM AS rn
        FROM
        ASMS_INSPECTION_TASK TASKForm
        WHERE 1=1
        <if test="taskType!=null and taskType!=''">
            AND TASKForm.TASK_TYPE LIKE #{taskType}
        </if>
        <if test="taskDateType!=null and taskDateType!=''">
            AND TASKForm.TASK_DATE_TYPE LIKE #{taskDateType}
        </if>
        )
        WHERE rn BETWEEN 1+#{pageSize}*(#{pageNum}-1) AND #{pageSize}*#{pageNum}
    </select>


    <select id="getPageCount" resultType="java.lang.Long">
        SELECT COUNT(*) FROM ASMS_INSPECTION_TASK TASKForm
        WHERE 1=1
        <if test="taskType!=null and taskType!=''">
            AND TASKForm.TASK_TYPE LIKE #{taskType}
        </if>
        <if test="taskDateType!=null and taskDateType!=''">
            AND TASKForm.TASK_DATE_TYPE LIKE #{taskDateType}
        </if>
    </select>


</mapper>