<?xml version="1.0" encoding="UTF-8" ?>
<!DOCTYPE mapper PUBLIC "-//mybatis.org//DTD Mapper 3.0//EN" "http://mybatis.org/dtd/mybatis-3-mapper.dtd" >
<mapper namespace="com.sofn.dao.asms.AsmsSubjDetectionExpandMapper" >
  <resultMap id="BaseResultMap" type="com.sofn.model.generator.AsmsSubjDetection" >
    <id column="ID" property="id" jdbcType="CHAR" />
    <result column="DT_NAME" property="dtName" jdbcType="VARCHAR" />
    <result column="DT_CODE" property="dtCode" jdbcType="VARCHAR" />
    <result column="DT_TYPE" property="dtType" jdbcType="VARCHAR" />
    <result column="DT_NATURE" property="dtNature" jdbcType="VARCHAR" />
    <result column="DT_QUALIFICATIONS" property="dtQualifications" jdbcType="VARCHAR" />
    <result column="DT_RELY_ON_UNIT" property="dtRelyOnUnit" jdbcType="VARCHAR" />
    <result column="DT_LEVEL" property="dtLevel" jdbcType="VARCHAR" />
    <result column="DT_AREA_ID" property="dtAreaId" jdbcType="VARCHAR" />
    <result column="DT_ADDRESS" property="dtAddress" jdbcType="VARCHAR" />
    <result column="DT_LEGAL_MAN" property="dtLegalMan" jdbcType="VARCHAR" />
    <result column="DT_LEADER" property="dtLeader" jdbcType="VARCHAR" />
    <result column="DT_LEADER_PHONE" property="dtLeaderPhone" jdbcType="VARCHAR" />
    <result column="DT_CONTACT" property="dtContact" jdbcType="VARCHAR" />
    <result column="DT_CONTACT_PHONE" property="dtContactPhone" jdbcType="VARCHAR" />
    <result column="DT_CONTACT_Q_Q" property="dtContactQQ" jdbcType="VARCHAR" />
    <result column="DT_CONTACT_EMAIL" property="dtContactEmail" jdbcType="VARCHAR" />
    <result column="DT_POSTCODE" property="dtPostcode" jdbcType="CHAR" />
    <result column="DT_TECHNICAL_DIRECTOR" property="dtTechnicalDirector" jdbcType="VARCHAR" />
    <result column="DT_QUALITY_DIRECTOR" property="dtQualityDirector" jdbcType="VARCHAR" />
    <result column="DT_PARAMETER" property="dtParameter" jdbcType="VARCHAR" />
    <result column="DT_PRODUCT_RANGE" property="dtProductRange" jdbcType="VARCHAR" />
    <result column="CREATE_BY" property="createBy" jdbcType="CHAR" />
    <result column="CREATE_TIME" property="createTime" jdbcType="TIMESTAMP" />
    <result column="ENABLE" property="enable" jdbcType="CHAR" />
  </resultMap>
  <resultMap id="ChangeResultMap" type="com.sofn.model.generator.AsmsSubjDtChange" >
    <id column="ID" property="id" jdbcType="CHAR" />
    <result column="DT_NAME" property="dtName" jdbcType="VARCHAR" />
    <result column="DT_CODE" property="dtCode" jdbcType="VARCHAR" />
    <result column="DT_LEVEL" property="dtLevel" jdbcType="VARCHAR" />
    <result column="DT_ADDRESS" property="dtAddress" jdbcType="VARCHAR" />
    <result column="DT_AREA_ID" property="dtAreaId" jdbcType="VARCHAR" />
    <result column="DT_LEADER" property="dtLeader" jdbcType="VARCHAR" />
    <result column="DT_LEADER_PHONE" property="dtLeaderPhone" jdbcType="VARCHAR" />
    <result column="DT_FILE" property="dtFile" jdbcType="VARCHAR" />
    <result column="APPLY_USER_ID" property="applyUserId" jdbcType="CHAR" />
    <result column="APPLY_TIME" property="applyTime" jdbcType="TIMESTAMP" />
    <result column="APPLY_DT_ID" property="applyDtId" jdbcType="CHAR" />
    <result column="APPLY_REASON" property="applyReason" jdbcType="VARCHAR" />
    <result column="AUDIT_USER_ID" property="auditUserId" jdbcType="CHAR" />
    <result column="AUDIT_SV_ID" property="auditSvId" jdbcType="CHAR" />
    <result column="AUDIT_TIME" property="auditTime" jdbcType="TIMESTAMP" />
    <result column="AUDIT_SUGGESTION" property="auditSuggestion" jdbcType="VARCHAR" />
    <result column="AUDIT_STATE" property="auditState" jdbcType="CHAR" />
  </resultMap>
  <resultMap id="CancelResultMap" type="com.sofn.model.generator.AsmsSubjDtCancel" >
    <id column="ID" property="id" jdbcType="CHAR" />
    <result column="DT_ID" property="dtId" jdbcType="CHAR" />
    <result column="APPLY_REASON" property="applyReason" jdbcType="VARCHAR" />
    <result column="APPLY_USER_ID" property="applyUserId" jdbcType="CHAR" />
    <result column="APPLY_TIME" property="applyTime" jdbcType="TIMESTAMP" />
    <result column="AUDIT_USER_ID" property="auditUserId" jdbcType="CHAR" />
    <result column="AUDIT_SV_ID" property="auditSvId" jdbcType="CHAR" />
    <result column="AUDIT_TIME" property="auditTime" jdbcType="TIMESTAMP" />
    <result column="AUDIT_SUGGESTION" property="auditSuggestion" jdbcType="VARCHAR" />
    <result column="AUDIT_STATE" property="auditState" jdbcType="CHAR" />
  </resultMap>
  <resultMap id="RevokeResultMap" type="com.sofn.model.generator.AsmsSubjDtRevoke" >
    <id column="ID" property="id" jdbcType="CHAR" />
    <result column="DT_ID" property="dtId" jdbcType="CHAR" />
    <result column="APPLY_REASON" property="applyReason" jdbcType="VARCHAR" />
    <result column="APPLY_USER_ID" property="applyUserId" jdbcType="CHAR" />
    <result column="APPLY_SV_ID" property="applySvId" jdbcType="CHAR" />
    <result column="APPLY_TIME" property="applyTime" jdbcType="TIMESTAMP" />
    <result column="AUDIT_USER_ID" property="auditUserId" jdbcType="CHAR" />
    <result column="AUDIT_SV_ID" property="auditSvId" jdbcType="CHAR" />
    <result column="AUDIT_TIME" property="auditTime" jdbcType="TIMESTAMP" />
    <result column="AUDIT_SUGGESTION" property="auditSuggestion" jdbcType="VARCHAR" />
    <result column="AUDIT_STATE" property="auditState" jdbcType="CHAR" />
  </resultMap>
  <select id="getSubjDetectionList" resultMap="BaseResultMap">
    SELECT * FROM (
    SELECT
    a.*, ROWNUM AS rn
    FROM
    (
    SELECT
    *
    FROM
    ASMS_SUBJ_DETECTION s
    WHERE
    1 = 1
    <if test="dtName!=null and dtName!=''">
      AND s.DT_NAME LIKE '%'||#{dtName}||'%'
    </if>
    <if test="date!=null and date!=''">
      AND s.CREATE_TIME &gt;= to_date(#{date},'yyyy-MM-dd')
      AND s.CREATE_TIME &lt;= to_date(#{date},'yyyy-MM-dd')+1
    </if>
    ORDER BY s.CREATE_TIME DESC
    )a
    )
    WHERE rn BETWEEN 1+#{pageSize}*(#{pageNum}-1) AND #{pageSize}*#{pageNum}
  </select>
  <select id="getSubjDetectionCount" resultType="long" >
    SELECT
      COUNT(*)
    FROM
      ASMS_SUBJ_DETECTION s
    WHERE
      1 = 1
    <if test="dtName!=null and dtName!=''">
      AND s.DT_NAME LIKE '%'||#{dtName}||'%'
    </if>
    <if test="date!=null and date!=''">
      AND s.CREATE_TIME &gt;= to_date(#{date},'yyyy-MM-dd')
      AND s.CREATE_TIME &lt;= to_date(#{date},'yyyy-MM-dd')+1
    </if>
  </select>
  <select id="getSubjDtChangeList" resultType="map">
    SELECT * FROM (
    SELECT
    a.*,ROWNUM AS rn
    FROM
    (
    SELECT
    s.ID AS id,t.DT_NAME AS dtName,t.DT_AREA_ID AS dtAreaId,s.APPLY_TIME AS applyTime,t.DT_LEADER AS dtLeader
    FROM
    ASMS_SUBJ_DT_CHANGE s LEFT JOIN ASMS_SUBJ_DETECTION t ON s.APPLY_DT_ID=t.ID
    WHERE
    1 = 1
    <if test="dtName!=null and dtName!=''">
      AND t.DT_NAME LIKE '%'||#{dtName}||'%'
    </if>
    <if test="date!=null and date!=''">
      AND s.APPLY_TIME &gt;= to_date(#{date},'yyyy-MM-dd')
      AND s.APPLY_TIME &lt;= to_date(#{date},'yyyy-MM-dd')+1
    </if>
    ORDER BY s.APPLY_TIME DESC
    )a
    )
    WHERE rn BETWEEN 1+#{pageSize}*(#{pageNum}-1) AND #{pageSize}*#{pageNum}
  </select>
  <select id="getSubjDtChangeCount" resultType="long" >
    SELECT
      COUNT(*)
    FROM
      ASMS_SUBJ_DT_CHANGE s LEFT JOIN ASMS_SUBJ_DETECTION t ON s.APPLY_DT_ID=t.ID
    WHERE
    1 = 1
    <if test="dtName!=null and dtName!=''">
      AND t.DT_NAME LIKE '%'||#{dtName}||'%'
    </if>
    <if test="date!=null and date!=''">
      AND s.APPLY_TIME &gt;= to_date(#{date},'yyyy-MM-dd')
      AND s.APPLY_TIME &lt;= to_date(#{date},'yyyy-MM-dd')+1
    </if>
  </select>
  <select id="getSubjDtCancelList" resultType="map">
    SELECT * FROM (
    SELECT
    a.*, ROWNUM AS rn
    FROM
    (
    SELECT
    s.ID AS id,t.DT_NAME AS dtName,t.DT_AREA_ID AS dtAreaId,s.APPLY_TIME AS applyTime,t.DT_LEADER AS dtLeader
    FROM
    ASMS_SUBJ_DT_CANCEL s LEFT JOIN ASMS_SUBJ_DETECTION t ON s.DT_ID=t.ID
    WHERE
    1 = 1
    <if test="dtName!=null and dtName!=''">
      AND t.DT_NAME LIKE '%'||#{dtName}||'%'
    </if>
    <if test="date!=null and date!=''">
      AND s.APPLY_TIME &gt;= to_date(#{date},'yyyy-MM-dd')
      AND s.APPLY_TIME &lt;= to_date(#{date},'yyyy-MM-dd')+1
    </if>
    ORDER BY s.APPLY_TIME DESC
    )a
    )
    WHERE rn BETWEEN 1+#{pageSize}*(#{pageNum}-1) AND #{pageSize}*#{pageNum}
  </select>
  <select id="getSubjDtCancelCount" resultType="long" >
    SELECT
      COUNT(*)
    FROM
      ASMS_SUBJ_DT_CANCEL s LEFT JOIN ASMS_SUBJ_DETECTION t ON s.DT_ID=t.ID
    WHERE
      1 = 1
      <if test="dtName!=null and dtName!=''">
        AND t.DT_NAME LIKE '%'||#{dtName}||'%'
      </if>
      <if test="date!=null and date!=''">
        AND s.APPLY_TIME &gt;= to_date(#{date},'yyyy-MM-dd')
        AND s.APPLY_TIME &lt;= to_date(#{date},'yyyy-MM-dd')+1
      </if>
  </select>
  <select id="getSubjDtRevokeList" resultType="map">
    SELECT * FROM (
    SELECT
    a.*, ROWNUM AS rn
    FROM
    (
    SELECT
    s.ID AS id,t.DT_NAME AS dtName,t.DT_AREA_ID AS dtAreaId,s.APPLY_TIME AS applyTime,t.DT_LEADER AS dtLeader
    FROM
    ASMS_SUBJ_DT_REVOKE s LEFT JOIN ASMS_SUBJ_DETECTION t ON s.DT_ID=t.ID
    WHERE
    1 = 1
    <if test="dtName!=null and dtName!=''">
      AND t.DT_NAME LIKE '%'||#{dtName}||'%'
    </if>
    <if test="date!=null and date!=''">
      AND s.APPLY_TIME &gt;= to_date(#{date},'yyyy-MM-dd')
      AND s.APPLY_TIME &lt;= to_date(#{date},'yyyy-MM-dd')+1
    </if>
    ORDER BY s.APPLY_TIME DESC
    )a
    )
    WHERE rn BETWEEN 1+#{pageSize}*(#{pageNum}-1) AND #{pageSize}*#{pageNum}
  </select>
  <select id="getSubjDtRevokeCount" resultType="long" >
    SELECT
      COUNT(*)
    FROM
      ASMS_SUBJ_DT_REVOKE s LEFT JOIN ASMS_SUBJ_DETECTION t ON s.DT_ID=t.ID
    WHERE
      1 = 1
      <if test="dtName!=null and dtName!=''">
        AND t.DT_NAME LIKE '%'||#{dtName}||'%'
      </if>
      <if test="date!=null and date!=''">
        AND s.APPLY_TIME &gt;= to_date(#{date},'yyyy-MM-dd')
        AND s.APPLY_TIME &lt;= to_date(#{date},'yyyy-MM-dd')+1
      </if>
  </select>
</mapper>