<?xml version="1.0" encoding="UTF-8" ?>
<!DOCTYPE mapper PUBLIC "-//mybatis.org//DTD Mapper 3.0//EN" "http://mybatis.org/dtd/mybatis-3-mapper.dtd" >
<mapper namespace="com.sofn.dao.asms.AsmsSubjSuperviseExpandMapper" >
  <resultMap id="BaseResultMap" type="com.sofn.model.generator.AsmsSubjSupervise" >
    <id column="ID" property="id" jdbcType="CHAR" />
    <result column="SV_NAME" property="svName" jdbcType="VARCHAR" />
    <result column="SV_CODE" property="svCode" jdbcType="VARCHAR" />
    <result column="SV_TYPE" property="svType" jdbcType="VARCHAR" />
    <result column="SV_LEVEL" property="svLevel" jdbcType="VARCHAR" />
    <result column="SV_AREA_ID" property="svAreaId" jdbcType="VARCHAR" />
    <result column="SV_ADDRESS" property="svAddress" jdbcType="VARCHAR" />
    <result column="SV_LEADER" property="svLeader" jdbcType="VARCHAR" />
    <result column="SV_LEADER_PHONE" property="svLeaderPhone" jdbcType="VARCHAR" />
    <result column="SV_CONTACT" property="svContact" jdbcType="VARCHAR" />
    <result column="SV_CONTACT_PHONE" property="svContactPhone" jdbcType="VARCHAR" />
    <result column="SV_CONTACT_Q_Q" property="svContactQQ" jdbcType="VARCHAR" />
    <result column="SV_CONTACT_EMAIL" property="svContactEmail" jdbcType="VARCHAR" />
    <result column="SV_POSTCODE" property="svPostcode" jdbcType="CHAR" />
    <result column="CREATE_BY" property="createBy" jdbcType="CHAR" />
    <result column="CREATE_TIME" property="createTime" jdbcType="TIMESTAMP" />
    <result column="ENABLE" property="enable" jdbcType="CHAR" />
  </resultMap>
  <resultMap id="ChangeResultMap" type="com.sofn.model.generator.AsmsSubjSvChange" >
    <id column="ID" property="id" jdbcType="CHAR" />
    <result column="SV_NAME" property="svName" jdbcType="VARCHAR" />
    <result column="SV_CODE" property="svCode" jdbcType="VARCHAR" />
    <result column="SV_LEVEL" property="svLevel" jdbcType="VARCHAR" />
    <result column="SV_ADDRESS" property="svAddress" jdbcType="VARCHAR" />
    <result column="SV_AREA_ID" property="svAreaId" jdbcType="VARCHAR" />
    <result column="SV_LEADER" property="svLeader" jdbcType="VARCHAR" />
    <result column="SV_LEADER_PHONE" property="svLeaderPhone" jdbcType="VARCHAR" />
    <result column="SV_FILE" property="svFile" jdbcType="VARCHAR" />
    <result column="APPLY_USER_ID" property="applyUserId" jdbcType="CHAR" />
    <result column="APPLY_TIME" property="applyTime" jdbcType="TIMESTAMP" />
    <result column="APPLY_SV_ID" property="applySvId" jdbcType="CHAR" />
    <result column="APPLY_REASON" property="applyReason" jdbcType="VARCHAR" />
    <result column="AUDIT_USER_ID" property="auditUserId" jdbcType="CHAR" />
    <result column="AUDIT_SV_ID" property="auditSvId" jdbcType="CHAR" />
    <result column="AUDIT_TIME" property="auditTime" jdbcType="TIMESTAMP" />
    <result column="AUDIT_SUGGESTION" property="auditSuggestion" jdbcType="VARCHAR" />
    <result column="AUDIT_STATE" property="auditState" jdbcType="CHAR" />
  </resultMap>
  <resultMap id="CancelResultMap" type="com.sofn.model.generator.AsmsSubjSvCancel" >
    <id column="ID" property="id" jdbcType="CHAR" />
    <result column="SV_ID" property="svId" jdbcType="CHAR" />
    <result column="APPLY_REASON" property="applyReason" jdbcType="VARCHAR" />
    <result column="APPLY_USER_ID" property="applyUserId" jdbcType="CHAR" />
    <result column="APPLY_TIME" property="applyTime" jdbcType="TIMESTAMP" />
    <result column="AUDIT_USER_ID" property="auditUserId" jdbcType="CHAR" />
    <result column="AUDIT_SV_ID" property="auditSvId" jdbcType="CHAR" />
    <result column="AUDIT_TIME" property="auditTime" jdbcType="TIMESTAMP" />
    <result column="AUDIT_SUGGESTION" property="auditSuggestion" jdbcType="VARCHAR" />
    <result column="AUDIT_STATE" property="auditState" jdbcType="CHAR" />
  </resultMap>
  <resultMap id="RevokeResultMap" type="com.sofn.model.generator.AsmsSubjSvRevoke" >
    <id column="ID" property="id" jdbcType="CHAR" />
    <result column="SV_ID" property="svId" jdbcType="CHAR" />
    <result column="APPLY_REASON" property="applyReason" jdbcType="VARCHAR" />
    <result column="APPLY_USER_ID" property="applyUserId" jdbcType="CHAR" />
    <result column="APPLY_SV_ID" property="applySvId" jdbcType="CHAR" />
    <result column="APPLY_TIME" property="applyTime" jdbcType="TIMESTAMP" />
    <result column="AUDIT_USER_ID" property="auditUserId" jdbcType="CHAR" />
    <result column="AUDIT_SV_ID" property="auditSvId" jdbcType="CHAR" />
    <result column="AUDIT_TIME" property="auditTime" jdbcType="TIMESTAMP" />
    <result column="AUDIT_SUGGESTION" property="auditSuggestion" jdbcType="VARCHAR" />
    <result column="AUDIT_STATE" property="auditState" jdbcType="CHAR" />
  </resultMap>
  <select id="getSubjSuperviseList" resultMap="BaseResultMap">
    SELECT * FROM (
    SELECT
    t.*, ROWNUM AS rn
    FROM
    (
    SELECT
    s.*
    FROM
    ASMS_SUBJ_SUPERVISE s
    WHERE
    1 = 1
    <if test="svLevel!=null and svLevel!=''">
      AND s.SV_LEVEL=#{svLevel}
    </if>
    <if test="svName!=null and svName!=''">
      AND s.SV_NAME like '%'||#{svName}||'%'
    </if>
    <if test="dateBegin!=null and dateBegin!=''">
      AND s.CREATE_TIME &gt;= to_date(#{dateBegin},'yyyy-MM-dd')
    </if>
    <if test="dateEnd!=null and dateEnd!=''">
      AND s.CREATE_TIME &lt;= to_date(#{dateEnd},'yyyy-MM-dd')+1
    </if>
    ORDER BY s.CREATE_TIME DESC
    ) t
    )
    WHERE rn BETWEEN 1+#{pageSize}*(#{pageNum}-1) AND #{pageSize}*#{pageNum}
  </select>
  <select id="getSubjSuperviseCount" resultType="long" >
    SELECT
      COUNT(*)
    FROM
      ASMS_SUBJ_SUPERVISE s
    WHERE
      1 = 1
    <if test="svLevel!=null and svLevel!=''">
      AND s.SV_LEVEL=#{svLevel}
    </if>
    <if test="svName!=null and svName!=''">
      AND s.SV_NAME like '%'||#{svName}||'%'
    </if>
    <if test="dateBegin!=null and dateBegin!=''">
      AND s.CREATE_TIME &gt;= to_date(#{dateBegin},'yyyy-MM-dd')
    </if>
    <if test="dateEnd!=null and dateEnd!=''">
      AND s.CREATE_TIME &lt;= to_date(#{dateEnd},'yyyy-MM-dd')+1
    </if>
  </select>
  <select id="getSubjSvChangeList" resultType="map">
    SELECT * FROM(
    SELECT
    a.*,ROWNUM AS rn
    FROM
    (
    SELECT
    s.ID AS id,t.SV_NAME AS svName,t.SV_AREA_ID AS svAreaId,s.APPLY_TIME AS applyTime,t.SV_LEADER AS svLeader
    FROM
    ASMS_SUBJ_SV_CHANGE s LEFT JOIN ASMS_SUBJ_SUPERVISE t
    ON s.APPLY_SV_ID=t.ID
    WHERE
    1 = 1 AND s.AUDIT_STATE IS NULL
    <if test="date!=null and date!=''">
      AND s.APPLY_TIME &gt;= TO_DATE(#{date}, 'yyyy-MM-dd')
      AND s.APPLY_TIME &lt;= TO_DATE(#{date}, 'yyyy-MM-dd')+1
    </if>
    <if test="svName!=null and svName!=''">
      AND t.SV_NAME like '%'||#{svName}||'%'
    </if>
    ORDER BY s.APPLY_TIME DESC
    )a
    )
    WHERE rn BETWEEN 1+#{pageSize}*(#{pageNum}-1) AND #{pageSize}*#{pageNum}
  </select>
  <select id="getSubjSvChangeCount" resultType="long" >
    SELECT
      COUNT(*)
    FROM
      ASMS_SUBJ_SV_CHANGE s LEFT JOIN ASMS_SUBJ_SUPERVISE t
    ON s.APPLY_SV_ID=t.ID
    WHERE
    1 = 1 AND s.AUDIT_STATE IS NULL
    <if test="date!=null and date!=''">
      AND s.APPLY_TIME &gt;= TO_DATE(#{date}, 'yyyy-MM-dd')
      AND s.APPLY_TIME &lt;= TO_DATE(#{date}, 'yyyy-MM-dd')+1
    </if>
    <if test="svName!=null and svName!=''">
      AND t.SV_NAME like '%'||#{svName}||'%'
    </if>
  </select>
  <select id="getSubjSvCancelList" resultType="map">
    SELECT * FROM (
    SELECT
    a.*,ROWNUM AS rn
    FROM
    (
    SELECT
    s.ID as id,t.SV_NAME as svName,t.SV_AREA_ID as svAreaId,s.APPLY_TIME as applyTime,t.SV_LEADER as svLeader
    FROM
    ASMS_SUBJ_SV_CANCEL s LEFT JOIN ASMS_SUBJ_SUPERVISE t
    ON s.SV_ID=t.ID
    WHERE
    1 = 1 AND s.AUDIT_STATE IS NULL
    <if test="date!=null and date!=''">
      AND s.APPLY_TIME &gt;= TO_DATE(#{date}, 'yyyy-MM-dd')
      AND s.APPLY_TIME &lt;= TO_DATE(#{date}, 'yyyy-MM-dd')+1
    </if>
    <if test="svName!=null and svName!=''">
      AND t.SV_NAME like '%'||#{svName}||'%'
    </if>
    ORDER BY s.APPLY_TIME DESC
    )a
    )
    WHERE rn BETWEEN 1+#{pageSize}*(#{pageNum}-1) AND #{pageSize}*#{pageNum}
  </select>
  <select id="getSubjSvCancelCount" resultType="long" >
    SELECT
      COUNT(*)
    FROM
      ASMS_SUBJ_SV_CANCEL s LEFT JOIN ASMS_SUBJ_SUPERVISE t
        ON s.SV_ID=t.ID
    WHERE
      1 = 1 AND s.AUDIT_STATE IS NULL
    <if test="date!=null and date!=''">
      AND s.APPLY_TIME &gt;= TO_DATE(#{date}, 'yyyy-MM-dd')
      AND s.APPLY_TIME &lt;= TO_DATE(#{date}, 'yyyy-MM-dd')+1
    </if>
    <if test="svName!=null and svName!=''">
      AND t.SV_NAME like '%'||#{svName}||'%'
    </if>
  </select>
  <select id="getSubjSvRevokeList" resultType="map">
    SELECT * FROM (
    SELECT
    a.*,ROWNUM AS rn
    FROM
    (
    SELECT
    s.ID as id,t.SV_NAME as svName,t.SV_AREA_ID as svAreaId,s.APPLY_TIME as applyTime,t.SV_LEADER as svLeader
    FROM
    ASMS_SUBJ_SV_REVOKE s LEFT JOIN ASMS_SUBJ_SUPERVISE t
    ON s.APPLY_SV_ID=t.ID
    WHERE
    1 = 1 AND s.AUDIT_STATE IS NULL
    <if test="date!=null and date!=''">
      AND s.APPLY_TIME &gt;= TO_DATE(#{date}, 'yyyy-MM-dd')
      AND s.APPLY_TIME &lt;= TO_DATE(#{date}, 'yyyy-MM-dd')+1
    </if>
    <if test="svName!=null and svName!=''">
      AND t.SV_NAME like '%'||#{svName}||'%'
    </if>
    ORDER BY s.APPLY_TIME DESC
    )a
    )
    WHERE rn BETWEEN 1+#{pageSize}*(#{pageNum}-1) AND #{pageSize}*#{pageNum}
  </select>
  <select id="getSubjSvRevokeCount" resultType="long" >
    SELECT
    COUNT(*)
    FROM
      ASMS_SUBJ_SV_REVOKE s LEFT JOIN ASMS_SUBJ_SUPERVISE t
        ON s.APPLY_SV_ID=t.ID
    WHERE
      1 = 1 AND s.AUDIT_STATE IS NULL
    <if test="date!=null and date!=''">
      AND s.APPLY_TIME &gt;= TO_DATE(#{date}, 'yyyy-MM-dd')
      AND s.APPLY_TIME &lt;= TO_DATE(#{date}, 'yyyy-MM-dd')+1
    </if>
    <if test="svName!=null and svName!=''">
      AND t.SV_NAME like '%'||#{svName}||'%'
    </if>
  </select>
</mapper>