<?xml version="1.0" encoding="UTF-8"?>
<!DOCTYPE mapper PUBLIC "-//mybatis.org//DTD Mapper 3.0//EN" "http://mybatis.org/dtd/mybatis-3-mapper.dtd">
<mapper namespace="com.sofn.dao.asms.AsmsSpecialMonitorExpandMapper">
    <resultMap id="BaseResultMap" type="com.sofn.model.generator.AsmsSpecialMonitor">
        <id column="ID" property="id" jdbcType="CHAR" />
        <result column="SM_NAME" property="smName" jdbcType="VARCHAR" />
        <result column="SM_TYPE" property="smType" jdbcType="VARCHAR" />
        <result column="SM_MODEL_ID" property="smModelId" jdbcType="VARCHAR" />
        <result column="SM_YEAR" property="smYear" jdbcType="CHAR" />
        <result column="SM_BATCH" property="smBatch" jdbcType="VARCHAR" />
        <result column="SM_DATE_BEGIN" property="smDateBegin" jdbcType="TIMESTAMP" />
        <result column="SM_DATE_END" property="smDateEnd" jdbcType="TIMESTAMP" />
        <result column="SM_RELEASE_UNIT" property="smReleaseUnit" jdbcType="CHAR" />
        <result column="SM_FILE" property="smFile" jdbcType="VARCHAR" />
        <result column="SM_FILE_NUM" property="smFileNum" jdbcType="VARCHAR" />
        <result column="SM_REMARK" property="smRemark" jdbcType="VARCHAR" />
        <result column="SM_STATE" property="smState" jdbcType="VARCHAR" />
        <result column="CREATE_BY" property="createBy" jdbcType="CHAR" />
        <result column="CREATE_TIME" property="createTime" jdbcType="TIMESTAMP" />
        <result column="UPDATE_BY" property="updateBy" jdbcType="CHAR" />
        <result column="UPDATE_TIME" property="updateTime" jdbcType="TIMESTAMP" />
        <result column="ENABLE" property="enable" jdbcType="CHAR" />
    </resultMap>

    <!--任务列表-->
    <select id="getPagesList" resultType="java.util.Map">
        SELECT * FROM (
        SELECT
        M.ID AS id,
        M.SM_NAME AS smName,
        M.SM_TYPE AS smType,
        M.SM_MODEL_ID AS smModelId,
        M.SM_YEAR AS smYear,
        M.SM_BATCH AS smBatch,
        M.SM_DATE_BEGIN AS smDateBegin,
        M.SM_DATE_END AS smDateEnd,
        M.SM_RELEASE_UNIT AS smReleaseUnit,
        M.SM_FILE AS smFile,
        M.SM_FILE_NUM AS smFileNum,
        M.SM_REMARK AS smRemark,
        M.CREATE_BY AS createBy,
        M.CREATE_TIME AS createTime,
        M.UPDATE_BY AS updateBy,
        M.UPDATE_TIME AS updateTime,
        M.ENABLE AS enable,
        M.SM_STATE AS smState,
        ROWNUM AS rn
        FROM
        ASMS_SPECIAL_MONITOR M
        WHERE 1=1 AND M.ENABLE=1
        <if test="smState!=null and smState!=''">
            AND M.SM_STATE = #{smState}
        </if>
        <if test="smName!=null and smName!=''">
            AND M.SM_NAME LIKE #{smName}
        </if>
        <if test="dateBegin!=null and dateBegin!=''">
            AND M.SM_DATE_BEGIN &gt;=to_date(#{dateBegin},'yyyy-MM-dd')
        </if>
        <if test="dateEnd!=null and dateEnd!=''">
            AND M.SM_DATE_END &lt;=to_date(#{dateEnd},'yyyy-MM-dd')
        </if>
        )
        WHERE rn BETWEEN 1+#{pageSize}*(#{pageNum}-1) AND #{pageSize}*#{pageNum}
    </select>

    <select id="getPageCount" resultType="java.lang.Long">
        SELECT COUNT(*) FROM ASMS_SPECIAL_MONITOR M
        WHERE 1=1 AND M.ENABLE=1
        <if test="smState!=null and smState!=''">
            AND M.SM_STATE = #{smState}
        </if>
        <if test="smName!=null and smName!=''">
            AND M.SM_NAME LIKE #{smName}
        </if>
        <if test="dateBegin!=null and dateBegin!=''">
            AND M.SM_DATE_BEGIN &gt;=to_date(#{dateBegin},'yyyy-MM-dd')
        </if>
        <if test="dateEnd!=null and dateEnd!=''">
            AND M.SM_DATE_END &lt;=to_date(#{dateEnd},'yyyy-MM-dd')
        </if>
    </select>
</mapper>