<?xml version="1.0" encoding="UTF-8"?>
<!DOCTYPE mapper PUBLIC "-//mybatis.org//DTD Mapper 3.0//EN" "http://mybatis.org/dtd/mybatis-3-mapper.dtd">
<mapper namespace="com.sofn.dao.asms.AsmsMonitorObjectExpandMapper">
    <resultMap id="BaseResultMap" type="com.sofn.model.generator.AsmsMonitorObject">
        <id column="ID" jdbcType="CHAR" property="id" />
        <result column="SUPERVISE_CHECK_TASK_ID" jdbcType="CHAR" property="superviseCheckTaskId" />
        <result column="PRODUCT_TYPE" jdbcType="VARCHAR" property="productType" />
        <result column="PRODUCT_NAME" jdbcType="VARCHAR" property="productName" />
        <result column="TASK_BEGIN_TIME" jdbcType="TIMESTAMP" property="taskBeginTime" />
        <result column="TASK_END_TIME" jdbcType="TIMESTAMP" property="taskEndTime" />
        <result column="SAMPLE_UNIT_ID" jdbcType="CHAR" property="sampleUnitId" />
        <result column="DETECTION_UNIT_ID" jdbcType="CHAR" property="detectionUnitId" />
        <result column="DETECTION_STANDARD" jdbcType="VARCHAR" property="detectionStandard" />
        <result column="JUDGE_STANDARD" jdbcType="VARCHAR" property="judgeStandard" />
        <result column="CREATE_BY" jdbcType="CHAR" property="createBy" />
        <result column="CREATE_TIME" jdbcType="TIMESTAMP" property="createTime" />
        <result column="UPDATE_BY" jdbcType="CHAR" property="updateBy" />
        <result column="UPDATE_TIME" jdbcType="TIMESTAMP" property="updateTime" />
        <result column="ENABLE" jdbcType="CHAR" property="enable" />
        <result column="MONITOR_NUM" jdbcType="VARCHAR" property="monitorNum" />
    </resultMap>

    <delete id="delByTaskId" parameterType="com.sofn.model.generator.AsmsMonitorObject">
        delete from ASMS_MONITOR_OBJECT
        where SUPERVISE_CHECK_TASK_ID = '${superviseCheckTaskId}'
    </delete>

    <select id="getObjById" resultType="java.util.Map">
        SELECT
        M.ID AS id,
        M.SUPERVISE_CHECK_TASK_ID AS superviseCheckTaskId,
        M.PRODUCT_TYPE AS productType,
        M.PRODUCT_NAME AS productName,
        M.TASK_BEGIN_TIME AS taskBeginTime,
        M.TASK_END_TIME AS taskEndTime,
        M.SAMPLE_UNIT_ID AS sampleUnitId,
        M.DETECTION_UNIT_ID AS detectionUnitId,
        M.DETECTION_STANDARD AS detectionStandard,
        M.JUDGE_STANDARD AS judgeStandard,
        M.CREATE_BY AS createBy,
        M.CREATE_TIME AS createTime,
        M.UPDATE_BY AS updateBy,
        M.UPDATE_TIME AS updateTime,
        M.ENABLE AS enable,
        M.MONITOR_NUM AS monitorNum
        FROM
        ASMS_MONITOR_OBJECT M
        WHERE 1=1 AND M.SUPERVISE_CHECK_TASK_ID=#{id}
    </select>

</mapper>