<?xml version="1.0" encoding="UTF-8"?>
<!DOCTYPE mapper PUBLIC "-//mybatis.org//DTD Mapper 3.0//EN" "http://mybatis.org/dtd/mybatis-3-mapper.dtd">
<mapper namespace="com.sofn.dao.asms.AsmsRoutineMonitorExpandMapper">
    <resultMap id="BaseResultMap" type="com.sofn.model.generator.AsmsRoutineMonitor">
        <id column="ID" jdbcType="CHAR" property="id" />
        <result column="RM_NAME" jdbcType="VARCHAR" property="rmName" />
        <result column="RM_TYPE" jdbcType="VARCHAR" property="rmType" />
        <result column="RM_MODEL_ID" jdbcType="CHAR" property="rmModelId" />
        <result column="RM_YEAR" jdbcType="CHAR" property="rmYear" />
        <result column="RM_BATCH" jdbcType="VARCHAR" property="rmBatch" />
        <result column="RM_DATE_BEGIN" jdbcType="TIMESTAMP" property="rmDateBegin" />
        <result column="RM_DATE_END" jdbcType="TIMESTAMP" property="rmDateEnd" />
        <result column="RM_RELEASE_UNIT" jdbcType="CHAR" property="rmReleaseUnit" />
        <result column="RM_FILE" jdbcType="VARCHAR" property="rmFile" />
        <result column="RM_FILE_NUM" jdbcType="VARCHAR" property="rmFileNum" />
        <result column="RM_REMARK" jdbcType="VARCHAR" property="rmRemark" />
        <result column="CREATE_BY" jdbcType="CHAR" property="createBy" />
        <result column="CREATE_TIME" jdbcType="TIMESTAMP" property="createTime" />
        <result column="UPDATE_BY" jdbcType="CHAR" property="updateBy" />
        <result column="UPDATE_TIME" jdbcType="TIMESTAMP" property="updateTime" />
        <result column="ENABLE" jdbcType="CHAR" property="enable" />
        <result column="RM_STATE" jdbcType="VARCHAR" property="rmState" />
    </resultMap>

    <!--任务列表-->
    <select id="getPagesList" resultType="java.util.Map">
        SELECT * FROM (
        SELECT
        M.ID AS id,
        M.RM_NAME AS rmName,
        M.RM_TYPE AS rmType,
        M.RM_MODEL_ID AS rmModelId,
        M.RM_YEAR AS rmYear,
        M.RM_BATCH AS rmBatch,
        M.RM_DATE_BEGIN AS rmDateBegin,
        M.RM_DATE_END AS rmDateEnd,
        M.RM_RELEASE_UNIT AS rmReleaseUnit,
        M.RM_FILE AS rmFile,
        M.RM_FILE_NUM AS rmFileNum,
        M.RM_REMARK AS rmRemark,
        M.CREATE_BY AS createBy,
        M.CREATE_TIME AS createTime,
        M.UPDATE_BY AS updateBy,
        M.UPDATE_TIME AS updateTime,
        M.ENABLE AS enable,
        M.RM_STATE AS rmState,
        ROWNUM AS rn
        FROM
        ASMS_ROUTINE_MONITOR M
        WHERE 1=1 AND M.ENABLE=1
        <if test="rmState!=null and rmState!=''">
            AND M.RM_STATE = #{rmState}
        </if>
        <if test="rmName!=null and rmName!=''">
            AND M.RM_NAME LIKE #{rmName}
        </if>
        <if test="dateBegin!=null and dateBegin!=''">
            AND M.RM_DATE_BEGIN &gt;=to_date(#{dateBegin},'yyyy-MM-dd')
        </if>
        <if test="dateEnd!=null and dateEnd!=''">
            AND M.RM_DATE_END &lt;=to_date(#{dateEnd},'yyyy-MM-dd')
        </if>
        )
        WHERE rn BETWEEN 1+#{pageSize}*(#{pageNum}-1) AND #{pageSize}*#{pageNum}
    </select>

    <select id="getPageCount" resultType="java.lang.Long">
        SELECT COUNT(*) FROM ASMS_ROUTINE_MONITOR M
        WHERE 1=1 AND M.ENABLE=1
        <if test="rmState!=null and rmState!=''">
            AND M.RM_STATE = #{rmState}
        </if>
        <if test="rmName!=null and rmName!=''">
            AND M.RM_NAME LIKE #{rmName}
        </if>
        <if test="dateBegin!=null and dateBegin!=''">
            AND M.RM_DATE_BEGIN &gt;=to_date(#{dateBegin},'yyyy-MM-dd')
        </if>
        <if test="dateEnd!=null and dateEnd!=''">
            AND M.RM_DATE_END &lt;=to_date(#{dateEnd},'yyyy-MM-dd')
        </if>
    </select>


</mapper>