<?xml version="1.0" encoding="UTF-8" ?>
<!DOCTYPE mapper PUBLIC "-//mybatis.org//DTD Mapper 3.0//EN" "http://mybatis.org/dtd/mybatis-3-mapper.dtd" >
<mapper namespace="com.sofn.dao.asms.AsmsInspectionAssessExpandMapper">
    <resultMap id="BaseResultMap" type="com.sofn.model.generator.AsmsInspectionAssess">
        <id column="ID" property="id" jdbcType="CHAR" />
        <result column="INSPECTION_TASK_ID" property="inspectionTaskId" jdbcType="CHAR" />
        <result column="USER_NAME" property="userName" jdbcType="VARCHAR" />
        <result column="USER_ID" property="userId" jdbcType="CHAR" />
        <result column="TASK_RESULT" property="taskResult" jdbcType="VARCHAR" />
        <result column="INSPECTION_REAL_COUNT" property="inspectionRealCount" jdbcType="DECIMAL" />
    </resultMap>

    <resultMap id="TaskUserInfoMap" type="com.sofn.model.asms.UserAndTaskDto">
        <result column="USER_NAME" property="userName" jdbcType="VARCHAR"/>
        <result column="TASK_RESULT" property="taskResult" jdbcType="VARCHAR"/>
        <result column="INSPECTION_REAL_COUNT" property="inspectionRealCount" jdbcType="DECIMAL"/>
        <result column="USER_ID" property="userId" jdbcType="CHAR"/>
        <association column="INSPECTION_TASK_ID"
                     select="com.sofn.dao.generator.SuperviseInspectionTaskMapper.selectByPrimaryKey" property="task"
                     javaType="com.sofn.model.generator.AsmsInspectionTask"/>
    </resultMap>

    <!--根据任务id删除巡查人员-->
    <delete id="delOldDate" parameterType="com.sofn.model.generator.AsmsInspectionAssess">
        DELETE FROM  ASMS_INSPECTION_ASSESS WHERE INSPECTION_TASK_ID = ${inspectionTaskId}
    </delete>


    <select id="getXcUserIds" resultType="com.sofn.model.generator.AsmsInspectionAssess"
            parameterType="com.sofn.model.generator.AsmsInspectionAssess">
            select INSPECTION_TASK_ID, USER_NAME, USER_ID, TASK_RESULT, INSPECTION_REAL_COUNT FROM ASMS_INSPECTION_ASSESS  WHERE INSPECTION_TASK_ID = #{inspectionTaskId,jdbcType=CHAR}
    </select>

    <!--获取所有任务巡查人员列表-->
    <select id="getPageList" parameterType="java.util.Map" resultType="java.lang.String">
        select ID from ASMS_INSPECTION_ASSESS where 1=1
        <if test="key != null">
            and exists (select 1 from sys_dic_index where sys_dic.index_id=sys_dic_index.id_
            and sys_dic_index.key_=#{key})
        </if>
    </select>
    <!--获取所有任务巡查人员列表-->
    <select id="getPageIds" parameterType="java.util.Map" resultType="java.lang.String">
        select ID from ASMS_INSPECTION_ASSESS where 1=1
        <if test="key != null">
            and exists (select 1 from sys_dic_index where sys_dic.index_id=sys_dic_index.id_
            and sys_dic_index.key_=#{key})
        </if>
    </select>
    <select id="getSuperviseTaskInfos" resultType="com.sofn.model.asms.SuperviseCheckDto">
        SELECT
          task.ID as inspectionTaskId,
              task_user.USER_NAME as userName,
              task_user.USER_ID as userId,
              task_user.TASK_RESULT as taskResult,
              task.INSPECTION_AREA_ID as addressId,
              task.INSPECTION_COUNT as inspectionDesignCount,
              5 as inspectionRealCount,
              1 as taskStatus,
              '4d89e21d019943c189dc6fe1c3e64965' as reportId
            FROM ASMS_INSPECTION_ASSESS task_user
            left join SUPERVISE_INSPECTION_TASK task on task.ID = task_user.INSPECTION_TASK_ID
            left join SYS_USER userss on userss.ID_ = task_user.USER_ID
    </select>
    <select id="getgetSuperviseTaskInfoOther" resultMap="TaskUserInfoMap">
        SELECT INSPECTION_TASK_ID, USER_NAME, USER_ID, TASK_RESULT, INSPECTION_REAL_COUNT
        FROM ASMS_INSPECTION_ASSESS
    </select>


    <!--pageExpand-->
    <select id="expandSelectByPrimaryKey" parameterType="java.lang.String"
            resultType="map">
          SELECT
            TaskUserForm."ID" AS ID,
            TASKForm.TASK_TYPE AS taskType,
            TASKForm.TASK_DATE AS taskDate,
            TASKForm.TASK_DATE_TYPE AS taskDateType,
            TaskUserForm.INSPECTION_TASK_ID AS inspectionTaskId,
            TaskUserForm.USER_NAME AS userName,
            TaskUserForm.USER_ID AS userId,
            TaskUserForm.TASK_RESULT AS taskResult,
            TASKForm.INSPECTION_AREA_ID AS inspectionAreaId,
            TASKForm.INSPECTION_COUNT AS inspectionCount,
            3 AS inspectionRealCount,
            1 AS taskStatus
          FROM
	        ASMS_INSPECTION_ASSESS TaskUserForm
          LEFT JOIN ASMS_INSPECTION_TASK TASKForm ON TASKForm. ID = TaskUserForm.INSPECTION_TASK_ID
          LEFT JOIN SYS_USER SYSUSERForm ON SYSUSERForm.ID_ = TaskUserForm.USER_ID
          WHERE
	        TaskUserForm. ID = #{id,jdbcType=CHAR}
    </select>

    <!---->
    <select id="getPageCount" resultType="long">
        SELECT COUNT(*) FROM ASMS_INSPECTION_ASSESS TaskUserForm
        LEFT JOIN ASMS_INSPECTION_TASK TASKForm ON TASKForm. ID = TaskUserForm.INSPECTION_TASK_ID
        WHERE 1=1
        <if test="taskType!=null and taskType!=''">
            AND TASKForm.TASK_TYPE LIKE #{taskType}
        </if>
        <if test="taskDateType!=null and taskDateType!=''">
            AND TASKForm.TASK_DATE_TYPE LIKE #{taskDateType}
        </if>
        <if test="userName!=null and userName!=''">
            AND TaskUserForm.USER_NAME LIKE #{userName}
        </if>
        <if test="taskResult!=null and taskResult!=''">
            AND TaskUserForm.TASK_RESULT = #{taskResult}
        </if>
    </select>
    <!--pageExpand-->
    <select id="getPagesList" resultType="map">
        SELECT * FROM (
        SELECT
        TaskUserForm."ID" AS ID,
        TASKForm.TASK_TYPE AS taskType,
        TASKForm.TASK_DATE AS taskDate,
        TASKForm.TASK_DATE_TYPE AS taskDateType,
        TaskUserForm.INSPECTION_TASK_ID AS inspectionTaskId,
        TaskUserForm.USER_NAME AS userName,
        TaskUserForm.USER_ID AS userId,
        TaskUserForm.TASK_RESULT AS taskResult,
        TASKForm.INSPECTION_AREA_ID AS inspectionAreaId,
        TASKForm.INSPECTION_COUNT AS inspectionCount,
        3 AS inspectionRealCount,
        1 AS taskStatus,
        ROWNUM AS rn
        FROM
        ASMS_INSPECTION_ASSESS TaskUserForm
        LEFT JOIN ASMS_INSPECTION_TASK TASKForm ON TASKForm. ID = TaskUserForm.INSPECTION_TASK_ID
        LEFT JOIN SYS_USER SYSUSERForm ON SYSUSERForm.ID_ = TaskUserForm.USER_ID
        WHERE 1=1
        <if test="taskType!=null and taskType!=''">
            AND TASKForm.TASK_TYPE LIKE #{taskType}
        </if>
        <if test="taskDateType!=null and taskDateType!=''">
            AND TASKForm.TASK_DATE_TYPE LIKE #{taskDateType}
        </if>
        <if test="userName!=null and userName!=''">
            AND TaskUserForm.USER_NAME LIKE #{userName}
        </if>
        <if test="taskResult!=null and taskResult!=''">
            AND TaskUserForm.TASK_RESULT = #{taskResult}
        </if>
        )
        WHERE rn BETWEEN 1+#{pageSize}*(#{pageNum}-1) AND #{pageSize}*#{pageNum}
    </select>

    <!--获取实际巡查次数-->
    <select id="getRealCount" resultType="java.lang.Long">
        SELECT
        COUNT(*)
        FROM
        ASMS_BASE_USER baseUser
        WHERE
        baseUser.INSPECTION_USER_ID = ${userId}
    </select>

    <!--根据人员信息获取报告列表-->
    <select id="getBaseInspectionAllList" resultType="map" parameterType="map">
        SELECT *
        FROM (
        SELECT
        s.*,t.*,
        ROWNUM AS rn
        FROM ASMS_BASE_INSPECTION s
        LEFT JOIN T_SCLTXXCJ_ENTITY t
        ON s.ENTERPRISE_ID = t.ENTITY_IDCODE
        LEFT JOIN ASMS_BASE_USER sbu ON sbu.BASE_INSPECTION_ID = s.ID
        WHERE 1=1
        <if test="xcPsersionId!=null and xcPsersionId!=''">
            AND sbu.INSPECTION_USER_ID = ${xcPsersionId}
        </if>
        )
        WHERE rn BETWEEN 1+#{pageSize}*(#{pageNum}-1) AND #{pageSize}*#{pageNum}
    </select>
    <select id="getBaseInspectionAllCount" resultType="java.lang.Long">
        SELECT COUNT(*) FROM ASMS_BASE_INSPECTION s
        LEFT JOIN T_SCLTXXCJ_ENTITY t
        ON s.ENTERPRISE_ID=t.ENTITY_IDCODE
        LEFT JOIN ASMS_BASE_USER sbu ON sbu.BASE_INSPECTION_ID = s.ID
        WHERE 1=1
        <if test="xcPsersionId!=null and xcPsersionId!=''">
            AND sbu.INSPECTION_USER_ID = ${xcPsersionId}
        </if>
    </select>

</mapper>