<?xml version="1.0" encoding="UTF-8" ?>
<!DOCTYPE mapper PUBLIC "-//mybatis.org//DTD Mapper 3.0//EN" "http://mybatis.org/dtd/mybatis-3-mapper.dtd" >
<mapper namespace="com.sofn.dao.asms.AsmsBaseInspectionExpandMapper" >
  <resultMap id="BaseResultMap" type="com.sofn.model.generator.AsmsBaseInspection" >
    <id column="ID" property="id" jdbcType="CHAR" />
    <result column="ENTERPRISE_ID" property="enterpriseId" jdbcType="CHAR" />
    <result column="INSPECTION_TYPE" property="inspectionType" jdbcType="VARCHAR" />
    <result column="INSPECTION_RESULT" property="inspectionResult" jdbcType="VARCHAR" />
    <result column="INSPECTION_VIEW" property="inspectionView" jdbcType="VARCHAR" />
    <result column="INSPECTION_IMAGES" property="inspectionImages" jdbcType="VARCHAR" />
    <result column="INSPECTION_TIME" property="inspectionTime" jdbcType="TIMESTAMP" />
    <result column="INSPECTION_SV_ID" property="inspectionSvId" jdbcType="CHAR" />
    <result column="INSPECTION_USER_NAME" property="inspectionUserName" jdbcType="VARCHAR" />
    <result column="EL_CHECK_STATE" property="elCheckState" jdbcType="CHAR" />
    <result column="HEAD_SIGN" property="headSign" jdbcType="VARCHAR" />
    <result column="HEAD_SIGN_FILE" property="headSignFile" jdbcType="VARCHAR" />
    <result column="CREATE_BY" property="createBy" jdbcType="CHAR" />
    <result column="CREATE_TIME" property="createTime" jdbcType="TIMESTAMP" />
    <result column="UPDATE_BY" property="updateBy" jdbcType="CHAR" />
    <result column="UPDATE_TIME" property="updateTime" jdbcType="TIMESTAMP" />
    <result column="ENABLE" property="enable" jdbcType="CHAR" />
  </resultMap>
  <select id="selectAllByCondition" resultType="java.lang.String">
    select ID
    from ASMS_BASE_INSPECTION
    where 1=1
    <if test="inspectionResult!=null and inspectionResult!='' ">
      and INSPECTION_RESULT=#{inspectionResult,jdbcType=VARCHAR}
    </if>
    <if test="dateBegin!=null and dateBegin!='' ">
      and INSPECTION_TIME &gt; #{dateBegin,jdbcType=VARCHAR}
    </if>
    <if test="dateBegin!=null and dateBegin!='' ">
      and INSPECTION_TIME &lt; #{dateEnd,jdbcType=VARCHAR}
    </if>
  </select>
  <select id="getBaseInspectionAllList" resultType="map">
    SELECT *
    FROM (
      SELECT
        s.*,t.*,
        ROWNUM AS rn
      FROM ASMS_BASE_INSPECTION s
        LEFT JOIN T_SCLTXXCJ_ENTITY t
          ON s.ENTERPRISE_ID = t.ENTITY_IDCODE
      WHERE 1=1
        <if test="enterpriseIndustry!=null and enterpriseIndustry!=''">
          AND t.ENTERPRISE_INDUSTRY = #{enterpriseIndustry}
        </if>
        <if test="entityScale!=null and entityScale!=''">
          AND t.ENTITY_SCALE = #{entityScale}
        </if>
        <if test="enterpriseName!=null and enterpriseName!=''">
          AND t.ENTERPRISE_NAME like '%'||#{enterpriseName}||'%'
        </if>
        <if test="inspectionResult!=null and inspectionResult!=''">
          AND s.INSPECTION_RESULT = #{inspectionResult}
        </if>
        <if test="dateBegin!=null and dateBegin!=''">
          AND s.INSPECTION_TIME &gt;=to_date(#{dateBegin},'yyyy-MM-dd')
        </if>
        <if test="dateEnd!=null and dateEnd!=''">
          AND s.INSPECTION_TIME &lt;=to_date(#{dateEnd},'yyyy-MM-dd')
        </if>
    )
    WHERE rn BETWEEN 1+#{pageSize}*(#{pageNum}-1) AND #{pageSize}*#{pageNum}
  </select>
  <select id="getBaseInspectionAllCount" resultType="long">
    SELECT COUNT(*) FROM ASMS_BASE_INSPECTION s
    LEFT JOIN T_SCLTXXCJ_ENTITY t
    ON s.ENTERPRISE_ID=t.ENTITY_IDCODE
    WHERE 1=1
    <if test="enterpriseIndustry!=null and enterpriseIndustry!=''">
      AND t.ENTERPRISE_INDUSTRY = #{enterpriseIndustry}
    </if>
    <if test="entityScale!=null and entityScale!=''">
      AND t.ENTITY_SCALE = #{entityScale}
    </if>
    <if test="enterpriseName!=null and enterpriseName!=''">
      AND t.ENTERPRISE_NAME like '%'||#{enterpriseName}||'%'
    </if>
    <if test="inspectionResult!=null and inspectionResult!=''">
      AND s.INSPECTION_RESULT = #{inspectionResult}
    </if>
    <if test="dateBegin!=null and dateBegin!=''">
      AND s.INSPECTION_TIME &gt;=to_date(#{dateBegin},'yyyy-MM-dd')
    </if>
    <if test="dateEnd!=null and dateEnd!=''">
      AND s.INSPECTION_TIME &lt;=to_date(#{dateEnd},'yyyy-MM-dd')
    </if>
  </select>

  <select id="getEnterpriseList" resultType="map">
    SELECT *
    FROM (
      SELECT
        T .*, ROWNUM AS rn
      FROM
        T_SCLTXXCJ_ENTITY T
    )
    WHERE rn BETWEEN 1+#{pageSize}*(#{pageNum}-1) AND #{pageSize}*#{pageNum}
  </select>
  <select id="getEnterpriseCount" resultType="long">
    SELECT
    COUNT(*)
    FROM
    T_SCLTXXCJ_ENTITY T
  </select>
  <select id="findEnterpriseById" resultType="map" parameterType="java.lang.String" >
    SELECT * FROM T_SCLTXXCJ_ENTITY T
    WHERE t.ENTITY_IDCODE=#{enterpriseId}
  </select>
</mapper>