<?xml version="1.0" encoding="UTF-8"?>
<!DOCTYPE mapper PUBLIC "-//mybatis.org//DTD Mapper 3.0//EN" "http://mybatis.org/dtd/mybatis-3-mapper.dtd">
<mapper namespace="com.sofn.dao.asms.AsmsRecheckObjectExpandMapper">
    <resultMap id="BaseResultMap" type="com.sofn.model.generator.AsmsRecheckObject">
        <id column="ID" property="id" jdbcType="CHAR" />
        <result column="RECHECK_TASK_ID" property="recheckTaskId" jdbcType="CHAR" />
        <result column="RECHECK_SAMPLE_NAME" property="recheckSampleName" jdbcType="VARCHAR" />
        <result column="RECHECK_SAMPLE_CODE" property="recheckSampleCode" jdbcType="VARCHAR" />
        <result column="RECHECK_UNIT_ID" property="recheckUnitId" jdbcType="CHAR" />
        <result column="RECHECK_STANDARD" property="recheckStandard" jdbcType="VARCHAR" />
        <result column="RECHECK_JUDGE_STANDARD" property="recheckJudgeStandard" jdbcType="VARCHAR" />
        <result column="CREATE_BY" property="createBy" jdbcType="CHAR" />
        <result column="CREATE_TIME" property="createTime" jdbcType="TIMESTAMP" />
        <result column="ENABLE" property="enable" jdbcType="CHAR" />
    </resultMap>

    <delete id="delByTaskId" parameterType="com.sofn.model.generator.AsmsCheckBearUnit">
    delete from ASMS_RECHECK_OBJECT
        where RECHECK_TASK_ID = '${recheckTaskId}'
    </delete>

    <select id="getObjById" resultType="java.util.Map">
        SELECT
        M.ID AS id,
        M.RECHECK_TASK_ID AS recheckTaskId,
        M.RECHECK_SAMPLE_NAME AS recheckSampleName,
        M.RECHECK_SAMPLE_CODE AS recheckSampleCode,
        M.RECHECK_UNIT_ID AS recheckUnitId,
        M.RECHECK_STANDARD AS recheckStandard,
        M.RECHECK_JUDGE_STANDARD AS recheckJudgeStandard,
        M.CREATE_BY AS createBy,
        M.CREATE_TIME AS createTime,
        M.ENABLE AS enable
        FROM
        ASMS_RECHECK_OBJECT M
        WHERE 1=1 AND M.RECHECK_TASK_ID=#{id}
    </select>

</mapper>