<?xml version="1.0" encoding="UTF-8" ?>
<!DOCTYPE mapper PUBLIC "-//mybatis.org//DTD Mapper 3.0//EN" "http://mybatis.org/dtd/mybatis-3-mapper.dtd" >
<mapper namespace="com.sofn.dao.asms.AsmsSubjEnforceLawExpandMapper" >
  <resultMap id="BaseResultMap" type="com.sofn.model.generator.AlesSubjEnforceLaw" >
    <id column="ID" property="id" jdbcType="CHAR" />
    <result column="EL_NAME" property="elName" jdbcType="VARCHAR" />
    <result column="EL_CODE" property="elCode" jdbcType="VARCHAR" />
    <result column="EL_TYPE" property="elType" jdbcType="VARCHAR" />
    <result column="EL_LEVEL" property="elLevel" jdbcType="VARCHAR" />
    <result column="EL_AREA_ID" property="elAreaId" jdbcType="VARCHAR" />
    <result column="EL_ADDRESS" property="elAddress" jdbcType="VARCHAR" />
    <result column="EL_LEADER" property="elLeader" jdbcType="VARCHAR" />
    <result column="EL_LEADER_PHONE" property="elLeaderPhone" jdbcType="VARCHAR" />
    <result column="EL_CONTACT" property="elContact" jdbcType="VARCHAR" />
    <result column="EL_CONTACT_PHONE" property="elContactPhone" jdbcType="VARCHAR" />
    <result column="EL_CONTACT_Q_Q" property="elContactQQ" jdbcType="VARCHAR" />
    <result column="EL_CONTACT_EMAIL" property="elContactEmail" jdbcType="VARCHAR" />
    <result column="EL_POSTCODE" property="elPostcode" jdbcType="CHAR" />
    <result column="CREATE_BY" property="createBy" jdbcType="CHAR" />
    <result column="CREATE_TIME" property="createTime" jdbcType="TIMESTAMP" />
    <result column="ENABLE" property="enable" jdbcType="CHAR" />
  </resultMap>
  <resultMap id="ChangeResultMap" type="com.sofn.model.generator.AlesSubjElChange" >
    <id column="ID" property="id" jdbcType="CHAR" />
    <result column="EL_NAME" property="elName" jdbcType="VARCHAR" />
    <result column="EL_CODE" property="elCode" jdbcType="VARCHAR" />
    <result column="EL_LEVEL" property="elLevel" jdbcType="VARCHAR" />
    <result column="EL_ADDRESS" property="elAddress" jdbcType="VARCHAR" />
    <result column="EL_AREA_ID" property="elAreaId" jdbcType="VARCHAR" />
    <result column="EL_LEADER" property="elLeader" jdbcType="VARCHAR" />
    <result column="EL_LEADER_PHONE" property="elLeaderPhone" jdbcType="VARCHAR" />
    <result column="EL_CONTACT" property="elContact" jdbcType="VARCHAR" />
    <result column="EL_CONTACT_PHONE" property="elContactPhone" jdbcType="VARCHAR" />
    <result column="EL_CONTACT_Q_Q" property="elContactQQ" jdbcType="VARCHAR" />
    <result column="EL_CONTACT_EMAIL" property="elContactEmail" jdbcType="VARCHAR" />
    <result column="EL_POSTCODE" property="elPostcode" jdbcType="CHAR" />
    <result column="EL_FILE" property="elFile" jdbcType="VARCHAR" />
    <result column="APPLY_TIME" property="applyTime" jdbcType="TIMESTAMP" />
    <result column="APPLY_USER_ID" property="applyUserId" jdbcType="CHAR" />
    <result column="APPLY_EL_ID" property="applyElId" jdbcType="CHAR" />
    <result column="APPLY_REASON" property="applyReason" jdbcType="VARCHAR" />
    <result column="AUDIT_STATE" property="auditState" jdbcType="CHAR" />
    <result column="AUDIT_SV_ID" property="auditSvId" jdbcType="CHAR" />
    <result column="AUDIT_TIME" property="auditTime" jdbcType="TIMESTAMP" />
    <result column="AUDIT_SUGGESTION" property="auditSuggestion" jdbcType="VARCHAR" />
    <result column="AUDIT_USER_ID" property="auditUserId" jdbcType="CHAR" />
  </resultMap>
  <resultMap id="CancelResultMap" type="com.sofn.model.generator.AlesSubjElCancel" >
    <id column="ID" property="id" jdbcType="CHAR" />
    <result column="EL_ID" property="elId" jdbcType="CHAR" />
    <result column="APPLY_REASON" property="applyReason" jdbcType="VARCHAR" />
    <result column="APPLY_USER_ID" property="applyUserId" jdbcType="CHAR" />
    <result column="APPLY_TIME" property="applyTime" jdbcType="TIMESTAMP" />
    <result column="AUDIT_USER_ID" property="auditUserId" jdbcType="CHAR" />
    <result column="AUDIT_SV_ID" property="auditSvId" jdbcType="CHAR" />
    <result column="AUDIT_TIME" property="auditTime" jdbcType="TIMESTAMP" />
    <result column="AUDIT_SUGGESTION" property="auditSuggestion" jdbcType="VARCHAR" />
    <result column="AUDIT_STATE" property="auditState" jdbcType="CHAR" />
  </resultMap>
  <resultMap id="RevokeResultMap" type="com.sofn.model.generator.AlesSubjElRevoke" >
    <id column="ID" property="id" jdbcType="CHAR" />
    <result column="EL__ID" property="elId" jdbcType="CHAR" />
    <result column="APPLY_REASON" property="applyReason" jdbcType="VARCHAR" />
    <result column="APPLY_USER_ID" property="applyUserId" jdbcType="CHAR" />
    <result column="APPLY_SV_ID" property="applySvId" jdbcType="CHAR" />
    <result column="APPLY_TIME" property="applyTime" jdbcType="TIMESTAMP" />
    <result column="AUDIT_USER_ID" property="auditUserId" jdbcType="CHAR" />
    <result column="AUDIT_SV_ID" property="auditSvId" jdbcType="CHAR" />
    <result column="AUDIT_TIME" property="auditTime" jdbcType="TIMESTAMP" />
    <result column="AUDIT_SUGGESTION" property="auditSuggestion" jdbcType="VARCHAR" />
    <result column="AUDIT_STATE" property="auditState" jdbcType="CHAR" />
  </resultMap>
  <select id="getSubjectEnforceLawList" resultMap="BaseResultMap">
    SELECT * FROM (
    SELECT
    t.*, ROWNUM AS rn
    FROM
    (
    SELECT
    s.*
    FROM
    ALES_SUBJ_ENFORCE_LAW s
    WHERE
    1 = 1
    <if test="elName!=null and elName!=''">
      AND s.EL_NAME like '%'||#{elName}||'%'
    </if>
    <if test="dateBegin!=null and dateBegin!=''">
      AND s.CREATE_TIME &gt;= to_date(#{dateBegin},'yyyy-MM-dd')
    </if>
    <if test="dateEnd!=null and dateEnd!=''">
      AND s.CREATE_TIME &lt;= to_date(#{dateEnd},'yyyy-MM-dd')+1
    </if>
    ORDER BY s.CREATE_TIME DESC
    ) t
    )
    WHERE rn BETWEEN 1+#{pageSize}*(#{pageNum}-1) AND #{pageSize}*#{pageNum}
  </select>
  <select id="getSubjectEnforceLawCount" resultType="long" >
    SELECT
      COUNT(*)
    FROM
      ALES_SUBJ_ENFORCE_LAW s
    WHERE
      1 = 1
    <if test="elName!=null and elName!=''">
      AND s.EL_NAME like '%'||#{elName}||'%'
    </if>
    <if test="dateBegin!=null and dateBegin!=''">
      AND s.CREATE_TIME &gt;= to_date(#{dateBegin},'yyyy-MM-dd')
    </if>
    <if test="dateEnd!=null and dateEnd!=''">
      AND s.CREATE_TIME &lt;= to_date(#{dateEnd},'yyyy-MM-dd')+1
    </if>
  </select>
  <select id="getSubjElChangeList" resultType="map">
    SELECT * FROM (
    SELECT
    a.*,ROWNUM AS rn
    FROM
    (
    SELECT
    s.ID AS id,t.EL_NAME AS elName,t.EL_AREA_ID AS elAreaId,t.EL_LEADER AS elLeader,s.APPLY_TIME AS applyTime
    FROM
    ALES_SUBJ_EL_CHANGE s LEFT JOIN ALES_SUBJ_ENFORCE_LAW t
    ON s.APPLY_EL_ID=t.ID
    WHERE
    1 = 1 AND s.AUDIT_STATE IS NULL
    <if test="date!=null and date!=''">
      AND s.APPLY_TIME &gt;= TO_DATE(#{date}, 'yyyy-MM-dd')
      AND s.APPLY_TIME &lt;= TO_DATE(#{date}, 'yyyy-MM-dd')+1
    </if>
    <if test="svName!=null and svName!=''">
      AND t.SV_NAME like '%'||#{svName}||'%'
    </if>
    ORDER BY s.APPLY_TIME DESC
    )a
    )

    WHERE rn BETWEEN 1+#{pageSize}*(#{pageNum}-1) AND #{pageSize}*#{pageNum}
  </select>
  <select id="getSubjElChangeCount" resultType="long" >
    SELECT
      COUNT(*)
    FROM
      ALES_SUBJ_EL_CHANGE s LEFT JOIN ALES_SUBJ_ENFORCE_LAW t
        ON s.APPLY_EL_ID=t.ID
    WHERE
      1 = 1 AND s.AUDIT_STATE IS NULL
      <if test="date!=null and date!=''">
        AND s.APPLY_TIME &gt;= TO_DATE(#{date}, 'yyyy-MM-dd')
        AND s.APPLY_TIME &lt;= TO_DATE(#{date}, 'yyyy-MM-dd')+1
      </if>
      <if test="svName!=null and svName!=''">
        AND t.SV_NAME like '%'||#{svName}||'%'
      </if>
  </select>
  <select id="getSubjElCancelList" resultType="map">
    SELECT * FROM (
    SELECT
    a.*, ROWNUM AS rn
    FROM
    (
    SELECT
    s.ID AS id,t.EL_NAME AS elName,t.EL_AREA_ID AS elAreaId,t.EL_LEADER AS elLeader,s.APPLY_TIME AS applyTime
    FROM
    ALES_SUBJ_EL_CANCEL s LEFT JOIN ALES_SUBJ_ENFORCE_LAW t
    ON s.EL_ID=t.ID
    WHERE
    1 = 1 AND s.AUDIT_STATE IS NULL
    <if test="date!=null and date!=''">
      AND s.APPLY_TIME &gt;= TO_DATE(#{date}, 'yyyy-MM-dd')
      AND s.APPLY_TIME &lt;= TO_DATE(#{date}, 'yyyy-MM-dd')+1
    </if>
    <if test="svName!=null and svName!=''">
      AND t.SV_NAME like '%'||#{svName}||'%'
    </if>
    ORDER BY s.APPLY_TIME DESC
    )a
    )

    WHERE rn BETWEEN 1+#{pageSize}*(#{pageNum}-1) AND #{pageSize}*#{pageNum}
  </select>
  <select id="getSubjElCancelCount" resultType="long" >
    SELECT
      COUNT(*)
    FROM
      ALES_SUBJ_EL_CANCEL s LEFT JOIN ALES_SUBJ_ENFORCE_LAW t
        ON s.EL_ID=t.ID
    WHERE
      1 = 1 AND s.AUDIT_STATE IS NULL
      <if test="date!=null and date!=''">
        AND s.APPLY_TIME &gt;= TO_DATE(#{date}, 'yyyy-MM-dd')
        AND s.APPLY_TIME &lt;= TO_DATE(#{date}, 'yyyy-MM-dd')+1
      </if>
      <if test="svName!=null and svName!=''">
        AND t.SV_NAME like '%'||#{svName}||'%'
      </if>
  </select>
  <select id="getSubjElRevokeList" resultType="map">
    SELECT * FROM (
    SELECT
    a.*, ROWNUM AS rn
    FROM
    (
    SELECT
    s.ID AS id,t.EL_NAME AS elName,t.EL_AREA_ID AS elAreaId,t.EL_LEADER AS elLeader,s.APPLY_TIME AS applyTime
    FROM
    ALES_SUBJ_EL_REVOKE s LEFT JOIN ALES_SUBJ_ENFORCE_LAW t
    ON s.EL_ID=t.ID
    WHERE
    1 = 1 AND s.AUDIT_STATE IS NULL
    <if test="date!=null and date!=''">
      AND s.APPLY_TIME &gt;= TO_DATE(#{date}, 'yyyy-MM-dd')
      AND s.APPLY_TIME &lt;= TO_DATE(#{date}, 'yyyy-MM-dd')+1
    </if>
    <if test="svName!=null and svName!=''">
      AND t.SV_NAME like '%'||#{svName}||'%'
    </if>
    ORDER BY s.APPLY_TIME DESC
    )a
    )

    WHERE rn BETWEEN 1+#{pageSize}*(#{pageNum}-1) AND #{pageSize}*#{pageNum}
  </select>
  <select id="getSubjElRevokeCount" resultType="long" >
    SELECT
    COUNT(*)
    FROM
    ALES_SUBJ_EL_REVOKE s LEFT JOIN ALES_SUBJ_ENFORCE_LAW t
    ON s.EL_ID=t.ID
    WHERE
    1 = 1 AND s.AUDIT_STATE IS NULL
    <if test="date!=null and date!=''">
      AND s.APPLY_TIME &gt;= TO_DATE(#{date}, 'yyyy-MM-dd')
      AND s.APPLY_TIME &lt;= TO_DATE(#{date}, 'yyyy-MM-dd')+1
    </if>
    <if test="svName!=null and svName!=''">
      AND t.SV_NAME like '%'||#{svName}||'%'
    </if>
  </select>
</mapper>