<?xml version="1.0" encoding="UTF-8"?>
<!DOCTYPE mapper PUBLIC "-//mybatis.org//DTD Mapper 3.0//EN" "http://mybatis.org/dtd/mybatis-3-mapper.dtd">
<mapper namespace="com.sofn.dao.asms.AsmsRecheckTaskExpandMapper">
    <resultMap id="BaseResultMap" type="com.sofn.model.generator.AsmsRecheckTask">
        <id column="ID" jdbcType="CHAR" property="id" />
        <result column="RECHECK_TASK_NAME" jdbcType="VARCHAR" property="recheckTaskName" />
        <result column="RECHECK_TASK_YEAR" jdbcType="CHAR" property="recheckTaskYear" />
        <result column="RECHECK_TASK_BEGIN" jdbcType="TIMESTAMP" property="recheckTaskBegin" />
        <result column="RECHECK_TASK_END" jdbcType="TIMESTAMP" property="recheckTaskEnd" />
        <result column="CREATE_BY" jdbcType="CHAR" property="createBy" />
        <result column="CREATE_TIME" jdbcType="TIMESTAMP" property="createTime" />
        <result column="UPDATE_BY" jdbcType="CHAR" property="updateBy" />
        <result column="UPDATE_TIME" jdbcType="TIMESTAMP" property="updateTime" />
        <result column="ENABLE" jdbcType="CHAR" property="enable" />
        <result column="STATE" jdbcType="VARCHAR" property="state" />
    </resultMap>

    <!--列表-->
    <select id="getPagesList" resultType="java.util.Map">
        SELECT * FROM (
        SELECT
        M.ID AS id,
        M.RECHECK_TASK_NAME AS recheckTaskName,
        M.RECHECK_TASK_YEAR AS recheckTaskYear,
        M.RECHECK_TASK_BEGIN AS recheckTaskBegin,
        M.RECHECK_TASK_END AS recheckTaskEnd,
        M.CREATE_BY AS createBy,
        M.CREATE_TIME AS createTime,
        M.UPDATE_BY AS updateBy,
        M.UPDATE_TIME AS updateTime,
        M.ENABLE AS enable,
        M.STATE AS state,
        ROWNUM AS rn
        FROM
        ASMS_RECHECK_TASK M
        WHERE 1=1 AND M.ENABLE=1
        <if test="state!=null and state!=''">
            AND M.STATE = #{state}
        </if>
        <if test="recheckTaskName!=null and recheckTaskName!=''">
            AND M.RECHECK_TASK_NAME LIKE #{recheckTaskName}
        </if>
        <if test="recheckTaskYear!=null and recheckTaskYear!=''">
            AND M.RECHECK_TASK_YEAR LIKE #{recheckTaskYear}
        </if>
        <if test="recheckTaskBegin!=null and recheckTaskBegin!=''">
            AND M.RECHECK_TASK_BEGIN &gt;=to_date(#{recheckTaskBegin},'yyyy-MM-dd')
        </if>
        <if test="recheckTaskEnd!=null and recheckTaskEnd!=''">
            AND M.RECHECK_TASK_END &lt;=to_date(#{recheckTaskEnd},'yyyy-MM-dd')
        </if>
        )
        WHERE rn BETWEEN 1+#{pageSize}*(#{pageNum}-1) AND #{pageSize}*#{pageNum}
    </select>

    <select id="getPageCount" resultType="java.lang.Long">
        SELECT COUNT(*) FROM ASMS_RECHECK_TASK M
        WHERE 1=1 AND M.ENABLE=1
        <if test="state!=null and state!=''">
            AND M.STATE = #{state}
        </if>
        <if test="recheckTaskName!=null and recheckTaskName!=''">
            AND M.RECHECK_TASK_NAME LIKE #{recheckTaskName}
        </if>
        <if test="recheckTaskYear!=null and recheckTaskYear!=''">
            AND M.RECHECK_TASK_YEAR LIKE #{recheckTaskYear}
        </if>
        <if test="recheckTaskBegin!=null and recheckTaskBegin!=''">
            AND M.RECHECK_TASK_BEGIN &gt;=to_date(#{recheckTaskBegin},'yyyy-MM-dd')
        </if>
        <if test="recheckTaskEnd!=null and recheckTaskEnd!=''">
            AND M.RECHECK_TASK_END &lt;=to_date(#{recheckTaskEnd},'yyyy-MM-dd')
        </if>
    </select>
</mapper>