<?xml version="1.0" encoding="UTF-8" ?>
<!DOCTYPE mapper PUBLIC "-//mybatis.org//DTD Mapper 3.0//EN" "http://mybatis.org/dtd/mybatis-3-mapper.dtd" >
<mapper namespace="com.sofn.dao.asms.AsmsEmergencyTaskExpandMapper" >
  <resultMap id="BaseResultMap" type="com.sofn.model.generator.AsmsEmergencyTask" >
    <id column="ID" property="id" jdbcType="CHAR" />
    <result column="TASK_NAME" property="taskName" jdbcType="VARCHAR" />
    <result column="TASK_TYPE" property="taskType" jdbcType="VARCHAR" />
    <result column="AREA_ID" property="areaId" jdbcType="VARCHAR" />
    <result column="TASK_BEGIN" property="taskBegin" jdbcType="TIMESTAMP" />
    <result column="TASK_END" property="taskEnd" jdbcType="TIMESTAMP" />
    <result column="RELEASE_UNIT" property="releaseUnit" jdbcType="VARCHAR" />
    <result column="RELEASE_UNIT_LEVEL" property="releaseUnitLevel" jdbcType="VARCHAR" />
    <result column="IS_BEAR_UNIT" property="isBearUnit" jdbcType="VARCHAR" />
    <result column="BEAR_UNIT" property="bearUnit" jdbcType="VARCHAR" />
    <result column="FILES" property="files" jdbcType="VARCHAR" />
    <result column="FILE_CODE" property="fileCode" jdbcType="VARCHAR" />
    <result column="REMARK" property="remark" jdbcType="VARCHAR" />
    <result column="CREATE_BY" property="createBy" jdbcType="CHAR" />
    <result column="CREATE_TIME" property="createTime" jdbcType="TIMESTAMP" />
    <result column="UPDATE_BY" property="updateBy" jdbcType="CHAR" />
    <result column="UPDATE_TIME" property="updateTime" jdbcType="TIMESTAMP" />
    <result column="ENABLE" property="enable" jdbcType="CHAR" />
  </resultMap>
  <select id="getAsmsEmergencyTaskAllList" resultType="map">
    SELECT f.*,ROWNUM AS rn
    FROM (
    SELECT
    s.*
    FROM ASMS_EMERGENCY_TASK s
    WHERE 1=1
    <if test="queryCon!=null and queryCon!=''">
      AND s.TASK_NAME like '%'||#{queryCon}||'%'
    </if>
    <if test="dateBegin!=null and dateBegin!=''">
      AND s.TASK_BEGIN &gt;=to_date(#{dateBegin},'yyyy-MM-dd')
    </if>
    <if test="dateEnd!=null and dateEnd!=''">
      AND s.TASK_BEGIN &lt;=to_date(#{dateEnd},'yyyy-MM-dd')
    </if>
    <if test="areaId!=null and areaId!=''">
      AND s.AREA_ID =#{areaId}
    </if>
    <if test="releaseUnit!=null and releaseUnit!=''">
      AND s.RELEASE_UNIT =#{releaseUnit}
    </if>
    <if test="bearUnit!=null and bearUnit!=''">
      AND s.BEAR_UNIT =#{bearUnit}
    </if>
    order by s.CREATE_TIME DESC) f
    WHERE ROWNUM BETWEEN 1+#{pageSize}*(#{pageNum}-1) AND #{pageSize}*#{pageNum}
  </select>
  <select id="getAsmsEmergencyTaskAllCount" resultType="long">
    SELECT COUNT(*) FROM ASMS_EMERGENCY_TASK s
    WHERE 1=1
    <if test="queryCon!=null and queryCon!=''">
      AND s.TASK_NAME like '%'||#{queryCon}||'%'
    </if>
    <if test="dateBegin!=null and dateBegin!=''">
      AND s.TASK_BEGIN &gt;=to_date(#{dateBegin},'yyyy-MM-dd')
    </if>
    <if test="dateEnd!=null and dateEnd!=''">
      AND s.TASK_BEGIN &lt;=to_date(#{dateEnd},'yyyy-MM-dd')
    </if>
    <if test="areaId!=null and areaId!=''">
      AND s.AREA_ID =#{areaId}
    </if>
    <if test="releaseUnit!=null and releaseUnit!=''">
      AND s.RELEASE_UNIT =#{releaseUnit}
    </if>
    <if test="bearUnit!=null and bearUnit!=''">
      AND s.BEAR_UNIT =#{bearUnit}
    </if>
  </select>
</mapper>