<?xml version="1.0" encoding="UTF-8" ?>
<!DOCTYPE mapper PUBLIC "-//mybatis.org//DTD Mapper 3.0//EN" "http://mybatis.org/dtd/mybatis-3-mapper.dtd" >
<mapper namespace="com.sofn.dao.asms.SysResourceExpandMapper" >
  <resultMap id="BaseResultMap" type="com.sofn.model.generator.SysResource" >
    <id column="ID" property="id" jdbcType="VARCHAR" />
    <result column="RES_TYPE" property="resType" jdbcType="VARCHAR" />
    <result column="RES_NAME" property="resName" jdbcType="VARCHAR" />
    <result column="DOMAIN" property="domain" jdbcType="VARCHAR" />
    <result column="JOBTITLE" property="jobtitle" jdbcType="VARCHAR" />
    <result column="UNIT" property="unit" jdbcType="VARCHAR" />
    <result column="LOCATION" property="location" jdbcType="VARCHAR" />
    <result column="ADDRESS" property="address" jdbcType="VARCHAR" />
    <result column="CONTRACT" property="contract" jdbcType="VARCHAR" />
    <result column="STATUS" property="status" jdbcType="VARCHAR" />
    <result column="CREATE_TIME" property="createTime" jdbcType="TIMESTAMP" />
    <result column="CREATE_BY" property="createBy" jdbcType="VARCHAR" />
    <result column="UPDATE_TIME" property="updateTime" jdbcType="TIMESTAMP" />
    <result column="UPDATE_BY" property="updateBy" jdbcType="VARCHAR" />
    <result column="DEL_FLAG" property="delFlag" jdbcType="VARCHAR" />
  </resultMap>
  <select id="selectAllByCondition" parameterType="hashmap" resultType="map">
    SELECT f.*,ROWNUM AS rn
    FROM (
    SELECT
    s.*
    FROM SYS_RESOURCE s
    WHERE 1=1
    <if test="queryCon!=null and queryCon!=''">
      AND s.RES_NAME like '%'||#{queryCon}||'%'
    </if>
    <if test="domain!=null and domain!=''">
      AND s.DOMAIN =#{domain}
    </if>
    <if test="location!=null and location!=''">
      AND s.LOCATION =#{location}
    </if>
    order by ROWNUM)f
    WHERE rownum BETWEEN 1+#{pageSize}*(#{pageNum}-1) AND #{pageSize}*#{pageNum}
  </select>
  <select id="getSysResourceCount" parameterType="hashmap" resultType="long">
    SELECT COUNT(*) FROM SYS_RESOURCE s
    WHERE 1=1
    <if test="queryCon!=null and queryCon!=''">
      AND s.RES_NAME like '%'||#{queryCon}||'%'
    </if>
    <if test="domain!=null and domain!=''">
      AND s.DOMAIN =#{domain}
    </if>
    <if test="location!=null and location!=''">
      AND s.LOCATION =#{location}
    </if>
  </select>
</mapper>