<?xml version="1.0" encoding="UTF-8" ?>
<!DOCTYPE mapper PUBLIC "-//mybatis.org//DTD Mapper 3.0//EN" "http://mybatis.org/dtd/mybatis-3-mapper.dtd" >
<mapper namespace="com.sofn.dao.asms.TScltxxcjComplaintExpandMapper" >
  <resultMap id="BaseResultMap" type="com.sofn.model.generator.TScltxxcjComplaint" >
    <id column="ID" property="id" jdbcType="VARCHAR" />
    <result column="ENTITY_IDCODE" property="entityIdcode" jdbcType="VARCHAR" />
    <result column="USER_IDCODE" property="userIdcode" jdbcType="VARCHAR" />
    <result column="BE_ENTITY_IDCODE" property="beEntityIdcode" jdbcType="VARCHAR" />
    <result column="BE_USER_IDCODE" property="beUserIdcode" jdbcType="VARCHAR" />
    <result column="ACC_ENTITY_IDCODE" property="accEntityIdcode" jdbcType="VARCHAR" />
    <result column="ACC_USER_IDCODE" property="accUserIdcode" jdbcType="VARCHAR" />
    <result column="COMPLAINT_TIME" property="complaintTime" jdbcType="TIMESTAMP" />
    <result column="COMPLAINT_TITLE" property="complaintTitle" jdbcType="VARCHAR" />
    <result column="CONTENT" property="content" jdbcType="VARCHAR" />
    <result column="TYPE" property="type" jdbcType="VARCHAR" />
    <result column="STATUS" property="status" jdbcType="VARCHAR" />
    <result column="ACCEPTANCE" property="acceptance" jdbcType="VARCHAR" />
    <result column="AREA_ID" property="areaId" jdbcType="VARCHAR" />
    <result column="ACC_TIME" property="accTime" jdbcType="TIMESTAMP" />
    <result column="ATTACHMENT_NAME" property="attachmentName" jdbcType="VARCHAR" />
    <result column="COMPLAINT_ENT_NAME" property="complaintEntName" jdbcType="CHAR" />
    <result column="DEL_FLAG" property="delFlag" jdbcType="VARCHAR" />
    <result column="CREATE_BY" property="createBy" jdbcType="VARCHAR" />
    <result column="UPDATE_BY" property="updateBy" jdbcType="VARCHAR" />
    <result column="CREATE_TIME" property="createTime" jdbcType="TIMESTAMP" />
    <result column="UPDATE_TIME" property="updateTime" jdbcType="TIMESTAMP" />
  </resultMap>
  <select id="selectAllByCondition" parameterType="hashmap" resultType="map">
    SELECT f.*,ROWNUM AS rn
    FROM (
    SELECT
    s.*
    FROM T_SCLTXXCJ_COMPLAINT s
    WHERE 1=1
    <if test="queryCon!=null and queryCon!=''">
      AND s.ACC_USER_IDCODE like '%'||#{queryCon}||'%'
    </if>
    <if test="entityIdcode!=null and entityIdcode!=''">
    AND s.ENTITY_IDCODE =#{entityIdcode}
    </if>
    <if test="beEntityIdcode!=null and beEntityIdcode!=''">
      AND s.BE_ENTITY_IDCODE =#{beEntityIdcode}
    </if>
    <if test="complaintTitle!=null and complaintTitle!=''">
      AND s.COMPLAINT_TITLE =#{complaintTitle}
    </if>
    <if test="status!=null and status!=''">
      AND s.STATUS =#{status}
    </if>
    order by ROWNUM)f
    WHERE rownum BETWEEN 1+#{pageSize}*(#{pageNum}-1) AND #{pageSize}*#{pageNum}
  </select>
  <select id="getTScltxxcjComplaintCount" parameterType="hashmap" resultType="long">
    SELECT COUNT(*) FROM T_SCLTXXCJ_COMPLAINT s
    WHERE 1=1
    <if test="queryCon!=null and queryCon!=''">
      AND s.ACC_USER_IDCODE like '%'||#{queryCon}||'%'
    </if>
    <if test="entityIdcode!=null and entityIdcode!=''">
      AND s.ENTITY_IDCODE =#{entityIdcode}
    </if>
    <if test="beEntityIdcode!=null and beEntityIdcode!=''">
      AND s.BE_ENTITY_IDCODE =#{beEntityIdcode}
    </if>
    <if test="complaintTitle!=null and complaintTitle!=''">
      AND s.COMPLAINT_TITLE =#{complaintTitle}
    </if>
    <if test="status!=null and status!=''">
      AND s.STATUS =#{status}
    </if>
  </select>
</mapper>