<?xml version="1.0" encoding="UTF-8"?>
<!DOCTYPE generatorConfiguration
        PUBLIC "-//mybatis.org//DTD MyBatis Generator Configuration 1.0//EN"
        "http://mybatis.org/dtd/mybatis-generator-config_1_0.dtd">
<generatorConfiguration>
    <context id="default" targetRuntime="MyBatis3Simple" defaultModelType="flat">
        <plugin type="com.sofn.core.generator.plugin.SerializablePlugin"/>
        <plugin type="org.mybatis.generator.plugins.ToStringPlugin"/>
        <plugin type="org.mybatis.generator.plugins.EqualsHashCodePlugin"/>
        <plugin type="com.sofn.core.generator.plugin.MapperPlugin">
        	<property name="targetProject" value="../sofn-demo-service/src/main/java"/>
        	<property name="targetPackage" value="com.sofn.dao.generator"/>
        </plugin>
        <commentGenerator>
            <property name="suppressDate" value="true" />
        </commentGenerator>
        <jdbcConnection driverClass="com.mysql.jdbc.Driver"
                        connectionURL="jdbc:mysql://localhost:3306/sofn?useUnicode=true&amp;characterEncoding=utf8&amp;zeroDateTimeBehavior=convertToNull"
                        userId="root" password="1234">
        </jdbcConnection>
        <javaTypeResolver>
            <property name="forceBigDecimals" value="false"/>
        </javaTypeResolver>
        <javaModelGenerator targetPackage="com.sofn.model.generator" targetProject="../sofn-demo-api/src/main/java">
            <property name="constructorBased" value="false"/>
            <property name="useActualColumnNames" value="true" />
            <property name="enableSubPackages" value="false"/>
            <property name="immutable" value="false"/>
            <property name="trimStrings" value="true"/>
            <property name="rootClass" value="com.sofn.core.base.BaseModel"/>
        </javaModelGenerator>
        <sqlMapGenerator targetPackage="mappers.generator" targetProject="../sofn-demo-service/src/main/resources">
            <property name="enableSubPackages" value="false"/>
        </sqlMapGenerator>
        <javaClientGenerator targetPackage="com.sofn.dao.generator" targetProject="../sofn-demo-service/src/main/java" type="XMLMAPPER">
            <property name="enableSubPackages" value=""/>
            <property name="methodNameCalculator" value=""/>
            <property name="rootInterface" value="com.sofn.core.base.BaseMapper"/>
        </javaClientGenerator>
        <table tableName="sys_%">
        </table>
    </context>
</generatorConfiguration>