<?xml version="1.0" encoding="UTF-8" ?>
<!DOCTYPE mapper PUBLIC "-//mybatis.org//DTD Mapper 3.0//EN" "http://mybatis.org/dtd/mybatis-3-mapper.dtd" >
<mapper namespace="com.sofn.dao.generator.AlesSubjElChangeMapper" >
  <resultMap id="BaseResultMap" type="com.sofn.model.generator.AlesSubjElChange" >
    <id column="ID" property="id" jdbcType="CHAR" />
    <result column="EL_NAME" property="elName" jdbcType="VARCHAR" />
    <result column="EL_CODE" property="elCode" jdbcType="VARCHAR" />
    <result column="EL_LEVEL" property="elLevel" jdbcType="VARCHAR" />
    <result column="EL_ADDRESS" property="elAddress" jdbcType="VARCHAR" />
    <result column="EL_AREA_ID" property="elAreaId" jdbcType="VARCHAR" />
    <result column="EL_LEADER" property="elLeader" jdbcType="VARCHAR" />
    <result column="EL_LEADER_PHONE" property="elLeaderPhone" jdbcType="VARCHAR" />
    <result column="EL_CONTACT" property="elContact" jdbcType="VARCHAR" />
    <result column="EL_CONTACT_PHONE" property="elContactPhone" jdbcType="VARCHAR" />
    <result column="EL_CONTACT_Q_Q" property="elContactQQ" jdbcType="VARCHAR" />
    <result column="EL_CONTACT_EMAIL" property="elContactEmail" jdbcType="VARCHAR" />
    <result column="EL_POSTCODE" property="elPostcode" jdbcType="CHAR" />
    <result column="EL_FILE" property="elFile" jdbcType="VARCHAR" />
    <result column="APPLY_TIME" property="applyTime" jdbcType="TIMESTAMP" />
    <result column="APPLY_USER_ID" property="applyUserId" jdbcType="CHAR" />
    <result column="APPLY_EL_ID" property="applyElId" jdbcType="CHAR" />
    <result column="APPLY_REASON" property="applyReason" jdbcType="VARCHAR" />
    <result column="AUDIT_STATE" property="auditState" jdbcType="CHAR" />
    <result column="AUDIT_SV_ID" property="auditSvId" jdbcType="CHAR" />
    <result column="AUDIT_TIME" property="auditTime" jdbcType="TIMESTAMP" />
    <result column="AUDIT_SUGGESTION" property="auditSuggestion" jdbcType="VARCHAR" />
    <result column="AUDIT_USER_ID" property="auditUserId" jdbcType="CHAR" />
  </resultMap>
  <delete id="deleteByPrimaryKey" parameterType="java.lang.String" >
    delete from ALES_SUBJ_EL_CHANGE
    where ID = #{id,jdbcType=CHAR}
  </delete>
  <insert id="insert" parameterType="com.sofn.model.generator.AlesSubjElChange" >
    insert into ALES_SUBJ_EL_CHANGE (ID, EL_NAME, EL_CODE, 
      EL_LEVEL, EL_ADDRESS, EL_AREA_ID, 
      EL_LEADER, EL_LEADER_PHONE, EL_CONTACT, 
      EL_CONTACT_PHONE, EL_CONTACT_Q_Q, EL_CONTACT_EMAIL, 
      EL_POSTCODE, EL_FILE, APPLY_TIME, 
      APPLY_USER_ID, APPLY_EL_ID, APPLY_REASON, 
      AUDIT_STATE, AUDIT_SV_ID, AUDIT_TIME, 
      AUDIT_SUGGESTION, AUDIT_USER_ID)
    values (#{id,jdbcType=CHAR}, #{elName,jdbcType=VARCHAR}, #{elCode,jdbcType=VARCHAR}, 
      #{elLevel,jdbcType=VARCHAR}, #{elAddress,jdbcType=VARCHAR}, #{elAreaId,jdbcType=VARCHAR}, 
      #{elLeader,jdbcType=VARCHAR}, #{elLeaderPhone,jdbcType=VARCHAR}, #{elContact,jdbcType=VARCHAR}, 
      #{elContactPhone,jdbcType=VARCHAR}, #{elContactQQ,jdbcType=VARCHAR}, #{elContactEmail,jdbcType=VARCHAR}, 
      #{elPostcode,jdbcType=CHAR}, #{elFile,jdbcType=VARCHAR}, #{applyTime,jdbcType=TIMESTAMP}, 
      #{applyUserId,jdbcType=CHAR}, #{applyElId,jdbcType=CHAR}, #{applyReason,jdbcType=VARCHAR}, 
      #{auditState,jdbcType=CHAR}, #{auditSvId,jdbcType=CHAR}, #{auditTime,jdbcType=TIMESTAMP}, 
      #{auditSuggestion,jdbcType=VARCHAR}, #{auditUserId,jdbcType=CHAR})
  </insert>
  <update id="updateByPrimaryKey" parameterType="com.sofn.model.generator.AlesSubjElChange" >
    update ALES_SUBJ_EL_CHANGE
    set EL_NAME = #{elName,jdbcType=VARCHAR},
      EL_CODE = #{elCode,jdbcType=VARCHAR},
      EL_LEVEL = #{elLevel,jdbcType=VARCHAR},
      EL_ADDRESS = #{elAddress,jdbcType=VARCHAR},
      EL_AREA_ID = #{elAreaId,jdbcType=VARCHAR},
      EL_LEADER = #{elLeader,jdbcType=VARCHAR},
      EL_LEADER_PHONE = #{elLeaderPhone,jdbcType=VARCHAR},
      EL_CONTACT = #{elContact,jdbcType=VARCHAR},
      EL_CONTACT_PHONE = #{elContactPhone,jdbcType=VARCHAR},
      EL_CONTACT_Q_Q = #{elContactQQ,jdbcType=VARCHAR},
      EL_CONTACT_EMAIL = #{elContactEmail,jdbcType=VARCHAR},
      EL_POSTCODE = #{elPostcode,jdbcType=CHAR},
      EL_FILE = #{elFile,jdbcType=VARCHAR},
      APPLY_TIME = #{applyTime,jdbcType=TIMESTAMP},
      APPLY_USER_ID = #{applyUserId,jdbcType=CHAR},
      APPLY_EL_ID = #{applyElId,jdbcType=CHAR},
      APPLY_REASON = #{applyReason,jdbcType=VARCHAR},
      AUDIT_STATE = #{auditState,jdbcType=CHAR},
      AUDIT_SV_ID = #{auditSvId,jdbcType=CHAR},
      AUDIT_TIME = #{auditTime,jdbcType=TIMESTAMP},
      AUDIT_SUGGESTION = #{auditSuggestion,jdbcType=VARCHAR},
      AUDIT_USER_ID = #{auditUserId,jdbcType=CHAR}
    where ID = #{id,jdbcType=CHAR}
  </update>
  <select id="selectByPrimaryKey" resultMap="BaseResultMap" parameterType="java.lang.String" >
    select ID, EL_NAME, EL_CODE, EL_LEVEL, EL_ADDRESS, EL_AREA_ID, EL_LEADER, EL_LEADER_PHONE, 
    EL_CONTACT, EL_CONTACT_PHONE, EL_CONTACT_Q_Q, EL_CONTACT_EMAIL, EL_POSTCODE, EL_FILE, 
    APPLY_TIME, APPLY_USER_ID, APPLY_EL_ID, APPLY_REASON, AUDIT_STATE, AUDIT_SV_ID, AUDIT_TIME, 
    AUDIT_SUGGESTION, AUDIT_USER_ID
    from ALES_SUBJ_EL_CHANGE
    where ID = #{id,jdbcType=CHAR}
  </select>
  <select id="selectAll" resultMap="BaseResultMap" >
    select ID, EL_NAME, EL_CODE, EL_LEVEL, EL_ADDRESS, EL_AREA_ID, EL_LEADER, EL_LEADER_PHONE, 
    EL_CONTACT, EL_CONTACT_PHONE, EL_CONTACT_Q_Q, EL_CONTACT_EMAIL, EL_POSTCODE, EL_FILE, 
    APPLY_TIME, APPLY_USER_ID, APPLY_EL_ID, APPLY_REASON, AUDIT_STATE, AUDIT_SV_ID, AUDIT_TIME, 
    AUDIT_SUGGESTION, AUDIT_USER_ID
    from ALES_SUBJ_EL_CHANGE
  </select>
</mapper>