<?xml version="1.0" encoding="UTF-8" ?>
<!DOCTYPE mapper PUBLIC "-//mybatis.org//DTD Mapper 3.0//EN" "http://mybatis.org/dtd/mybatis-3-mapper.dtd" >
<mapper namespace="com.sofn.dao.generator.AlesSubjElModifylogMapper" >
  <resultMap id="BaseResultMap" type="com.sofn.model.generator.AlesSubjElModifylog" >
    <id column="ID" property="id" jdbcType="CHAR" />
    <result column="EL_ID" property="elId" jdbcType="CHAR" />
    <result column="EL_MODIFYLOG" property="elModifylog" jdbcType="VARCHAR" />
    <result column="CREATE_BY" property="createBy" jdbcType="CHAR" />
    <result column="CREATE_TIME" property="createTime" jdbcType="TIMESTAMP" />
    <result column="UPDATE_BY" property="updateBy" jdbcType="CHAR" />
    <result column="UPDATE_TIME" property="updateTime" jdbcType="TIMESTAMP" />
  </resultMap>
  <delete id="deleteByPrimaryKey" parameterType="java.lang.String" >
    delete from ALES_SUBJ_EL_MODIFYLOG
    where ID = #{id,jdbcType=CHAR}
  </delete>
  <insert id="insert" parameterType="com.sofn.model.generator.AlesSubjElModifylog" >
    insert into ALES_SUBJ_EL_MODIFYLOG (ID, EL_ID, EL_MODIFYLOG, 
      CREATE_BY, CREATE_TIME, UPDATE_BY, 
      UPDATE_TIME)
    values (#{id,jdbcType=CHAR}, #{elId,jdbcType=CHAR}, #{elModifylog,jdbcType=VARCHAR}, 
      #{createBy,jdbcType=CHAR}, #{createTime,jdbcType=TIMESTAMP}, #{updateBy,jdbcType=CHAR}, 
      #{updateTime,jdbcType=TIMESTAMP})
  </insert>
  <update id="updateByPrimaryKey" parameterType="com.sofn.model.generator.AlesSubjElModifylog" >
    update ALES_SUBJ_EL_MODIFYLOG
    set EL_ID = #{elId,jdbcType=CHAR},
      EL_MODIFYLOG = #{elModifylog,jdbcType=VARCHAR},
      CREATE_BY = #{createBy,jdbcType=CHAR},
      CREATE_TIME = #{createTime,jdbcType=TIMESTAMP},
      UPDATE_BY = #{updateBy,jdbcType=CHAR},
      UPDATE_TIME = #{updateTime,jdbcType=TIMESTAMP}
    where ID = #{id,jdbcType=CHAR}
  </update>
  <select id="selectByPrimaryKey" resultMap="BaseResultMap" parameterType="java.lang.String" >
    select ID, EL_ID, EL_MODIFYLOG, CREATE_BY, CREATE_TIME, UPDATE_BY, UPDATE_TIME
    from ALES_SUBJ_EL_MODIFYLOG
    where ID = #{id,jdbcType=CHAR}
  </select>
  <select id="selectAll" resultMap="BaseResultMap" >
    select ID, EL_ID, EL_MODIFYLOG, CREATE_BY, CREATE_TIME, UPDATE_BY, UPDATE_TIME
    from ALES_SUBJ_EL_MODIFYLOG
  </select>
</mapper>