<?xml version="1.0" encoding="UTF-8" ?>
<!DOCTYPE mapper PUBLIC "-//mybatis.org//DTD Mapper 3.0//EN" "http://mybatis.org/dtd/mybatis-3-mapper.dtd" >
<mapper namespace="com.sofn.dao.generator.AlesSubjEnforceLawMapper" >
  <resultMap id="BaseResultMap" type="com.sofn.model.generator.AlesSubjEnforceLaw" >
    <id column="ID" property="id" jdbcType="CHAR" />
    <result column="EL_NAME" property="elName" jdbcType="VARCHAR" />
    <result column="EL_CODE" property="elCode" jdbcType="VARCHAR" />
    <result column="EL_TYPE" property="elType" jdbcType="VARCHAR" />
    <result column="EL_LEVEL" property="elLevel" jdbcType="VARCHAR" />
    <result column="EL_AREA_ID" property="elAreaId" jdbcType="VARCHAR" />
    <result column="EL_ADDRESS" property="elAddress" jdbcType="VARCHAR" />
    <result column="EL_LEADER" property="elLeader" jdbcType="VARCHAR" />
    <result column="EL_LEADER_PHONE" property="elLeaderPhone" jdbcType="VARCHAR" />
    <result column="EL_CONTACT" property="elContact" jdbcType="VARCHAR" />
    <result column="EL_CONTACT_PHONE" property="elContactPhone" jdbcType="VARCHAR" />
    <result column="EL_CONTACT_Q_Q" property="elContactQQ" jdbcType="VARCHAR" />
    <result column="EL_CONTACT_EMAIL" property="elContactEmail" jdbcType="VARCHAR" />
    <result column="EL_POSTCODE" property="elPostcode" jdbcType="CHAR" />
    <result column="CREATE_BY" property="createBy" jdbcType="CHAR" />
    <result column="CREATE_TIME" property="createTime" jdbcType="TIMESTAMP" />
    <result column="ENABLE" property="enable" jdbcType="CHAR" />
    <result column="EL_UNIT_NATURE" property="elUnitNature" jdbcType="VARCHAR" />
    <result column="EL_WORK_BODY" property="elWorkBody" jdbcType="VARCHAR" />
  </resultMap>
  <delete id="deleteByPrimaryKey" parameterType="java.lang.String" >
    delete from ALES_SUBJ_ENFORCE_LAW
    where ID = #{id,jdbcType=CHAR}
  </delete>
  <insert id="insert" parameterType="com.sofn.model.generator.AlesSubjEnforceLaw" >
    insert into ALES_SUBJ_ENFORCE_LAW (ID, EL_NAME, EL_CODE, 
      EL_TYPE, EL_LEVEL, EL_AREA_ID, 
      EL_ADDRESS, EL_LEADER, EL_LEADER_PHONE, 
      EL_CONTACT, EL_CONTACT_PHONE, EL_CONTACT_Q_Q, 
      EL_CONTACT_EMAIL, EL_POSTCODE, CREATE_BY, 
      CREATE_TIME, ENABLE, EL_UNIT_NATURE, 
      EL_WORK_BODY)
    values (#{id,jdbcType=CHAR}, #{elName,jdbcType=VARCHAR}, #{elCode,jdbcType=VARCHAR}, 
      #{elType,jdbcType=VARCHAR}, #{elLevel,jdbcType=VARCHAR}, #{elAreaId,jdbcType=VARCHAR}, 
      #{elAddress,jdbcType=VARCHAR}, #{elLeader,jdbcType=VARCHAR}, #{elLeaderPhone,jdbcType=VARCHAR}, 
      #{elContact,jdbcType=VARCHAR}, #{elContactPhone,jdbcType=VARCHAR}, #{elContactQQ,jdbcType=VARCHAR}, 
      #{elContactEmail,jdbcType=VARCHAR}, #{elPostcode,jdbcType=CHAR}, #{createBy,jdbcType=CHAR}, 
      #{createTime,jdbcType=TIMESTAMP}, #{enable,jdbcType=CHAR}, #{elUnitNature,jdbcType=VARCHAR}, 
      #{elWorkBody,jdbcType=VARCHAR})
  </insert>
  <update id="updateByPrimaryKey" parameterType="com.sofn.model.generator.AlesSubjEnforceLaw" >
    update ALES_SUBJ_ENFORCE_LAW
    set EL_NAME = #{elName,jdbcType=VARCHAR},
      EL_CODE = #{elCode,jdbcType=VARCHAR},
      EL_TYPE = #{elType,jdbcType=VARCHAR},
      EL_LEVEL = #{elLevel,jdbcType=VARCHAR},
      EL_AREA_ID = #{elAreaId,jdbcType=VARCHAR},
      EL_ADDRESS = #{elAddress,jdbcType=VARCHAR},
      EL_LEADER = #{elLeader,jdbcType=VARCHAR},
      EL_LEADER_PHONE = #{elLeaderPhone,jdbcType=VARCHAR},
      EL_CONTACT = #{elContact,jdbcType=VARCHAR},
      EL_CONTACT_PHONE = #{elContactPhone,jdbcType=VARCHAR},
      EL_CONTACT_Q_Q = #{elContactQQ,jdbcType=VARCHAR},
      EL_CONTACT_EMAIL = #{elContactEmail,jdbcType=VARCHAR},
      EL_POSTCODE = #{elPostcode,jdbcType=CHAR},
      CREATE_BY = #{createBy,jdbcType=CHAR},
      CREATE_TIME = #{createTime,jdbcType=TIMESTAMP},
      ENABLE = #{enable,jdbcType=CHAR},
      EL_UNIT_NATURE = #{elUnitNature,jdbcType=VARCHAR},
      EL_WORK_BODY = #{elWorkBody,jdbcType=VARCHAR}
    where ID = #{id,jdbcType=CHAR}
  </update>
  <select id="selectByPrimaryKey" resultMap="BaseResultMap" parameterType="java.lang.String" >
    select ID, EL_NAME, EL_CODE, EL_TYPE, EL_LEVEL, EL_AREA_ID, EL_ADDRESS, EL_LEADER, 
    EL_LEADER_PHONE, EL_CONTACT, EL_CONTACT_PHONE, EL_CONTACT_Q_Q, EL_CONTACT_EMAIL, 
    EL_POSTCODE, CREATE_BY, CREATE_TIME, ENABLE, EL_UNIT_NATURE, EL_WORK_BODY
    from ALES_SUBJ_ENFORCE_LAW
    where ID = #{id,jdbcType=CHAR}
  </select>
  <select id="selectAll" resultMap="BaseResultMap" >
    select ID, EL_NAME, EL_CODE, EL_TYPE, EL_LEVEL, EL_AREA_ID, EL_ADDRESS, EL_LEADER, 
    EL_LEADER_PHONE, EL_CONTACT, EL_CONTACT_PHONE, EL_CONTACT_Q_Q, EL_CONTACT_EMAIL, 
    EL_POSTCODE, CREATE_BY, CREATE_TIME, ENABLE, EL_UNIT_NATURE, EL_WORK_BODY
    from ALES_SUBJ_ENFORCE_LAW
  </select>
</mapper>