<?xml version="1.0" encoding="UTF-8" ?>
<!DOCTYPE mapper PUBLIC "-//mybatis.org//DTD Mapper 3.0//EN" "http://mybatis.org/dtd/mybatis-3-mapper.dtd" >
<mapper namespace="com.sofn.dao.generator.AsmsSubjSuperviseMapper" >
  <resultMap id="BaseResultMap" type="com.sofn.model.generator.AsmsSubjSupervise" >
    <id column="ID" property="id" jdbcType="CHAR" />
    <result column="SV_NAME" property="svName" jdbcType="VARCHAR" />
    <result column="SV_CODE" property="svCode" jdbcType="VARCHAR" />
    <result column="SV_TYPE" property="svType" jdbcType="VARCHAR" />
    <result column="SV_LEVEL" property="svLevel" jdbcType="VARCHAR" />
    <result column="SV_AREA_ID" property="svAreaId" jdbcType="VARCHAR" />
    <result column="SV_ADDRESS" property="svAddress" jdbcType="VARCHAR" />
    <result column="SV_LEADER" property="svLeader" jdbcType="VARCHAR" />
    <result column="SV_LEADER_PHONE" property="svLeaderPhone" jdbcType="VARCHAR" />
    <result column="SV_CONTACT" property="svContact" jdbcType="VARCHAR" />
    <result column="SV_CONTACT_PHONE" property="svContactPhone" jdbcType="VARCHAR" />
    <result column="SV_CONTACT_Q_Q" property="svContactQQ" jdbcType="VARCHAR" />
    <result column="SV_CONTACT_EMAIL" property="svContactEmail" jdbcType="VARCHAR" />
    <result column="SV_POSTCODE" property="svPostcode" jdbcType="CHAR" />
    <result column="CREATE_BY" property="createBy" jdbcType="CHAR" />
    <result column="CREATE_TIME" property="createTime" jdbcType="TIMESTAMP" />
    <result column="ENABLE" property="enable" jdbcType="CHAR" />
  </resultMap>
  <delete id="deleteByPrimaryKey" parameterType="java.lang.String" >
    delete from ASMS_SUBJ_SUPERVISE
    where ID = #{id,jdbcType=CHAR}
  </delete>
  <insert id="insert" parameterType="com.sofn.model.generator.AsmsSubjSupervise" >
    insert into ASMS_SUBJ_SUPERVISE (ID, SV_NAME, SV_CODE, 
      SV_TYPE, SV_LEVEL, SV_AREA_ID, 
      SV_ADDRESS, SV_LEADER, SV_LEADER_PHONE, 
      SV_CONTACT, SV_CONTACT_PHONE, SV_CONTACT_Q_Q, 
      SV_CONTACT_EMAIL, SV_POSTCODE, CREATE_BY, 
      CREATE_TIME, ENABLE)
    values (#{id,jdbcType=CHAR}, #{svName,jdbcType=VARCHAR}, #{svCode,jdbcType=VARCHAR}, 
      #{svType,jdbcType=VARCHAR}, #{svLevel,jdbcType=VARCHAR}, #{svAreaId,jdbcType=VARCHAR}, 
      #{svAddress,jdbcType=VARCHAR}, #{svLeader,jdbcType=VARCHAR}, #{svLeaderPhone,jdbcType=VARCHAR}, 
      #{svContact,jdbcType=VARCHAR}, #{svContactPhone,jdbcType=VARCHAR}, #{svContactQQ,jdbcType=VARCHAR}, 
      #{svContactEmail,jdbcType=VARCHAR}, #{svPostcode,jdbcType=CHAR}, #{createBy,jdbcType=CHAR}, 
      #{createTime,jdbcType=TIMESTAMP}, #{enable,jdbcType=CHAR})
  </insert>
  <update id="updateByPrimaryKey" parameterType="com.sofn.model.generator.AsmsSubjSupervise" >
    update ASMS_SUBJ_SUPERVISE
    set SV_NAME = #{svName,jdbcType=VARCHAR},
      SV_CODE = #{svCode,jdbcType=VARCHAR},
      SV_TYPE = #{svType,jdbcType=VARCHAR},
      SV_LEVEL = #{svLevel,jdbcType=VARCHAR},
      SV_AREA_ID = #{svAreaId,jdbcType=VARCHAR},
      SV_ADDRESS = #{svAddress,jdbcType=VARCHAR},
      SV_LEADER = #{svLeader,jdbcType=VARCHAR},
      SV_LEADER_PHONE = #{svLeaderPhone,jdbcType=VARCHAR},
      SV_CONTACT = #{svContact,jdbcType=VARCHAR},
      SV_CONTACT_PHONE = #{svContactPhone,jdbcType=VARCHAR},
      SV_CONTACT_Q_Q = #{svContactQQ,jdbcType=VARCHAR},
      SV_CONTACT_EMAIL = #{svContactEmail,jdbcType=VARCHAR},
      SV_POSTCODE = #{svPostcode,jdbcType=CHAR},
      CREATE_BY = #{createBy,jdbcType=CHAR},
      CREATE_TIME = #{createTime,jdbcType=TIMESTAMP},
      ENABLE = #{enable,jdbcType=CHAR}
    where ID = #{id,jdbcType=CHAR}
  </update>
  <select id="selectByPrimaryKey" resultMap="BaseResultMap" parameterType="java.lang.String" >
    select ID, SV_NAME, SV_CODE, SV_TYPE, SV_LEVEL, SV_AREA_ID, SV_ADDRESS, SV_LEADER, 
    SV_LEADER_PHONE, SV_CONTACT, SV_CONTACT_PHONE, SV_CONTACT_Q_Q, SV_CONTACT_EMAIL, 
    SV_POSTCODE, CREATE_BY, CREATE_TIME, ENABLE
    from ASMS_SUBJ_SUPERVISE
    where ID = #{id,jdbcType=CHAR}
  </select>
  <select id="selectAll" resultMap="BaseResultMap" >
    select ID, SV_NAME, SV_CODE, SV_TYPE, SV_LEVEL, SV_AREA_ID, SV_ADDRESS, SV_LEADER, 
    SV_LEADER_PHONE, SV_CONTACT, SV_CONTACT_PHONE, SV_CONTACT_Q_Q, SV_CONTACT_EMAIL, 
    SV_POSTCODE, CREATE_BY, CREATE_TIME, ENABLE
    from ASMS_SUBJ_SUPERVISE
  </select>
</mapper>