<?xml version="1.0" encoding="UTF-8" ?>
<!DOCTYPE mapper PUBLIC "-//mybatis.org//DTD Mapper 3.0//EN" "http://mybatis.org/dtd/mybatis-3-mapper.dtd" >
<mapper namespace="com.sofn.dao.generator.AsmsInspectionTaskMapper" >
  <resultMap id="BaseResultMap" type="com.sofn.model.generator.AsmsInspectionTask" >
    <id column="ID" property="id" jdbcType="CHAR" />
    <result column="TASK_TYPE" property="taskType" jdbcType="CHAR" />
    <result column="TASK_DATE_TYPE" property="taskDateType" jdbcType="CHAR" />
    <result column="TASK_DATE" property="taskDate" jdbcType="VARCHAR" />
    <result column="INSPECTION_AREA_ID" property="inspectionAreaId" jdbcType="VARCHAR" />
    <result column="INSPECTION_COUNT" property="inspectionCount" jdbcType="DECIMAL" />
    <result column="CREATE_BY" property="createBy" jdbcType="CHAR" />
    <result column="CREATE_TIME" property="createTime" jdbcType="TIMESTAMP" />
    <result column="UPDATE_BY" property="updateBy" jdbcType="CHAR" />
    <result column="UPDATE_TIME" property="updateTime" jdbcType="TIMESTAMP" />
    <result column="ENABLE" property="enable" jdbcType="CHAR" />
  </resultMap>
  <delete id="deleteByPrimaryKey" parameterType="java.lang.String" >
    delete from ASMS_INSPECTION_TASK
    where ID = #{id,jdbcType=CHAR}
  </delete>
  <insert id="insert" parameterType="com.sofn.model.generator.AsmsInspectionTask" >
    insert into ASMS_INSPECTION_TASK (ID, TASK_TYPE, TASK_DATE_TYPE, 
      TASK_DATE, INSPECTION_AREA_ID, INSPECTION_COUNT, 
      CREATE_BY, CREATE_TIME, UPDATE_BY, 
      UPDATE_TIME, ENABLE)
    values (#{id,jdbcType=CHAR}, #{taskType,jdbcType=CHAR}, #{taskDateType,jdbcType=CHAR}, 
      #{taskDate,jdbcType=VARCHAR}, #{inspectionAreaId,jdbcType=VARCHAR}, #{inspectionCount,jdbcType=DECIMAL}, 
      #{createBy,jdbcType=CHAR}, #{createTime,jdbcType=TIMESTAMP}, #{updateBy,jdbcType=CHAR}, 
      #{updateTime,jdbcType=TIMESTAMP}, #{enable,jdbcType=CHAR})
  </insert>
  <update id="updateByPrimaryKey" parameterType="com.sofn.model.generator.AsmsInspectionTask" >
    update ASMS_INSPECTION_TASK
    set TASK_TYPE = #{taskType,jdbcType=CHAR},
      TASK_DATE_TYPE = #{taskDateType,jdbcType=CHAR},
      TASK_DATE = #{taskDate,jdbcType=VARCHAR},
      INSPECTION_AREA_ID = #{inspectionAreaId,jdbcType=VARCHAR},
      INSPECTION_COUNT = #{inspectionCount,jdbcType=DECIMAL},
      CREATE_BY = #{createBy,jdbcType=CHAR},
      CREATE_TIME = #{createTime,jdbcType=TIMESTAMP},
      UPDATE_BY = #{updateBy,jdbcType=CHAR},
      UPDATE_TIME = #{updateTime,jdbcType=TIMESTAMP},
      ENABLE = #{enable,jdbcType=CHAR}
    where ID = #{id,jdbcType=CHAR}
  </update>
  <select id="selectByPrimaryKey" resultMap="BaseResultMap" parameterType="java.lang.String" >
    select ID, TASK_TYPE, TASK_DATE_TYPE, TASK_DATE, INSPECTION_AREA_ID, INSPECTION_COUNT, 
    CREATE_BY, CREATE_TIME, UPDATE_BY, UPDATE_TIME, ENABLE
    from ASMS_INSPECTION_TASK
    where ID = #{id,jdbcType=CHAR}
  </select>
  <select id="selectAll" resultMap="BaseResultMap" >
    select ID, TASK_TYPE, TASK_DATE_TYPE, TASK_DATE, INSPECTION_AREA_ID, INSPECTION_COUNT, 
    CREATE_BY, CREATE_TIME, UPDATE_BY, UPDATE_TIME, ENABLE
    from ASMS_INSPECTION_TASK
  </select>
</mapper>