<?xml version="1.0" encoding="UTF-8" ?>
<!DOCTYPE mapper PUBLIC "-//mybatis.org//DTD Mapper 3.0//EN" "http://mybatis.org/dtd/mybatis-3-mapper.dtd" >
<mapper namespace="com.sofn.dao.generator.AsmsSubjDtChangeMapper" >
  <resultMap id="BaseResultMap" type="com.sofn.model.generator.AsmsSubjDtChange" >
    <id column="ID" property="id" jdbcType="CHAR" />
    <result column="DT_NAME" property="dtName" jdbcType="VARCHAR" />
    <result column="DT_CODE" property="dtCode" jdbcType="VARCHAR" />
    <result column="DT_LEVEL" property="dtLevel" jdbcType="VARCHAR" />
    <result column="DT_ADDRESS" property="dtAddress" jdbcType="VARCHAR" />
    <result column="DT_AREA_ID" property="dtAreaId" jdbcType="VARCHAR" />
    <result column="DT_LEADER" property="dtLeader" jdbcType="VARCHAR" />
    <result column="DT_LEADER_PHONE" property="dtLeaderPhone" jdbcType="VARCHAR" />
    <result column="DT_FILE" property="dtFile" jdbcType="VARCHAR" />
    <result column="APPLY_USER_ID" property="applyUserId" jdbcType="CHAR" />
    <result column="APPLY_TIME" property="applyTime" jdbcType="TIMESTAMP" />
    <result column="APPLY_DT_ID" property="applyDtId" jdbcType="CHAR" />
    <result column="APPLY_REASON" property="applyReason" jdbcType="VARCHAR" />
    <result column="AUDIT_USER_ID" property="auditUserId" jdbcType="CHAR" />
    <result column="AUDIT_SV_ID" property="auditSvId" jdbcType="CHAR" />
    <result column="AUDIT_TIME" property="auditTime" jdbcType="TIMESTAMP" />
    <result column="AUDIT_SUGGESTION" property="auditSuggestion" jdbcType="VARCHAR" />
    <result column="AUDIT_STATE" property="auditState" jdbcType="CHAR" />
  </resultMap>
  <delete id="deleteByPrimaryKey" parameterType="java.lang.String" >
    delete from ASMS_SUBJ_DT_CHANGE
    where ID = #{id,jdbcType=CHAR}
  </delete>
  <insert id="insert" parameterType="com.sofn.model.generator.AsmsSubjDtChange" >
    insert into ASMS_SUBJ_DT_CHANGE (ID, DT_NAME, DT_CODE, 
      DT_LEVEL, DT_ADDRESS, DT_AREA_ID, 
      DT_LEADER, DT_LEADER_PHONE, DT_FILE, 
      APPLY_USER_ID, APPLY_TIME, APPLY_DT_ID, 
      APPLY_REASON, AUDIT_USER_ID, AUDIT_SV_ID, 
      AUDIT_TIME, AUDIT_SUGGESTION, AUDIT_STATE
      )
    values (#{id,jdbcType=CHAR}, #{dtName,jdbcType=VARCHAR}, #{dtCode,jdbcType=VARCHAR}, 
      #{dtLevel,jdbcType=VARCHAR}, #{dtAddress,jdbcType=VARCHAR}, #{dtAreaId,jdbcType=VARCHAR}, 
      #{dtLeader,jdbcType=VARCHAR}, #{dtLeaderPhone,jdbcType=VARCHAR}, #{dtFile,jdbcType=VARCHAR}, 
      #{applyUserId,jdbcType=CHAR}, #{applyTime,jdbcType=TIMESTAMP}, #{applyDtId,jdbcType=CHAR}, 
      #{applyReason,jdbcType=VARCHAR}, #{auditUserId,jdbcType=CHAR}, #{auditSvId,jdbcType=CHAR}, 
      #{auditTime,jdbcType=TIMESTAMP}, #{auditSuggestion,jdbcType=VARCHAR}, #{auditState,jdbcType=CHAR}
      )
  </insert>
  <update id="updateByPrimaryKey" parameterType="com.sofn.model.generator.AsmsSubjDtChange" >
    update ASMS_SUBJ_DT_CHANGE
    set DT_NAME = #{dtName,jdbcType=VARCHAR},
      DT_CODE = #{dtCode,jdbcType=VARCHAR},
      DT_LEVEL = #{dtLevel,jdbcType=VARCHAR},
      DT_ADDRESS = #{dtAddress,jdbcType=VARCHAR},
      DT_AREA_ID = #{dtAreaId,jdbcType=VARCHAR},
      DT_LEADER = #{dtLeader,jdbcType=VARCHAR},
      DT_LEADER_PHONE = #{dtLeaderPhone,jdbcType=VARCHAR},
      DT_FILE = #{dtFile,jdbcType=VARCHAR},
      APPLY_USER_ID = #{applyUserId,jdbcType=CHAR},
      APPLY_TIME = #{applyTime,jdbcType=TIMESTAMP},
      APPLY_DT_ID = #{applyDtId,jdbcType=CHAR},
      APPLY_REASON = #{applyReason,jdbcType=VARCHAR},
      AUDIT_USER_ID = #{auditUserId,jdbcType=CHAR},
      AUDIT_SV_ID = #{auditSvId,jdbcType=CHAR},
      AUDIT_TIME = #{auditTime,jdbcType=TIMESTAMP},
      AUDIT_SUGGESTION = #{auditSuggestion,jdbcType=VARCHAR},
      AUDIT_STATE = #{auditState,jdbcType=CHAR}
    where ID = #{id,jdbcType=CHAR}
  </update>
  <select id="selectByPrimaryKey" resultMap="BaseResultMap" parameterType="java.lang.String" >
    select ID, DT_NAME, DT_CODE, DT_LEVEL, DT_ADDRESS, DT_AREA_ID, DT_LEADER, DT_LEADER_PHONE, 
    DT_FILE, APPLY_USER_ID, APPLY_TIME, APPLY_DT_ID, APPLY_REASON, AUDIT_USER_ID, AUDIT_SV_ID, 
    AUDIT_TIME, AUDIT_SUGGESTION, AUDIT_STATE
    from ASMS_SUBJ_DT_CHANGE
    where ID = #{id,jdbcType=CHAR}
  </select>
  <select id="selectAll" resultMap="BaseResultMap" >
    select ID, DT_NAME, DT_CODE, DT_LEVEL, DT_ADDRESS, DT_AREA_ID, DT_LEADER, DT_LEADER_PHONE, 
    DT_FILE, APPLY_USER_ID, APPLY_TIME, APPLY_DT_ID, APPLY_REASON, AUDIT_USER_ID, AUDIT_SV_ID, 
    AUDIT_TIME, AUDIT_SUGGESTION, AUDIT_STATE
    from ASMS_SUBJ_DT_CHANGE
  </select>
</mapper>