<?xml version="1.0" encoding="UTF-8" ?>
<!DOCTYPE mapper PUBLIC "-//mybatis.org//DTD Mapper 3.0//EN" "http://mybatis.org/dtd/mybatis-3-mapper.dtd" >
<mapper namespace="com.sofn.dao.generator.AsmsSubjDetectionMapper" >
  <resultMap id="BaseResultMap" type="com.sofn.model.generator.AsmsSubjDetection" >
    <id column="ID" property="id" jdbcType="CHAR" />
    <result column="DT_NAME" property="dtName" jdbcType="VARCHAR" />
    <result column="DT_CODE" property="dtCode" jdbcType="VARCHAR" />
    <result column="DT_TYPE" property="dtType" jdbcType="VARCHAR" />
    <result column="DT_NATURE" property="dtNature" jdbcType="VARCHAR" />
    <result column="DT_QUALIFICATIONS" property="dtQualifications" jdbcType="VARCHAR" />
    <result column="DT_RELY_ON_UNIT" property="dtRelyOnUnit" jdbcType="VARCHAR" />
    <result column="DT_LEVEL" property="dtLevel" jdbcType="VARCHAR" />
    <result column="DT_AREA_ID" property="dtAreaId" jdbcType="VARCHAR" />
    <result column="DT_ADDRESS" property="dtAddress" jdbcType="VARCHAR" />
    <result column="DT_LEGAL_MAN" property="dtLegalMan" jdbcType="VARCHAR" />
    <result column="DT_LEADER" property="dtLeader" jdbcType="VARCHAR" />
    <result column="DT_LEADER_PHONE" property="dtLeaderPhone" jdbcType="VARCHAR" />
    <result column="DT_CONTACT" property="dtContact" jdbcType="VARCHAR" />
    <result column="DT_CONTACT_PHONE" property="dtContactPhone" jdbcType="VARCHAR" />
    <result column="DT_CONTACT_Q_Q" property="dtContactQQ" jdbcType="VARCHAR" />
    <result column="DT_CONTACT_EMAIL" property="dtContactEmail" jdbcType="VARCHAR" />
    <result column="DT_POSTCODE" property="dtPostcode" jdbcType="CHAR" />
    <result column="DT_TECHNICAL_DIRECTOR" property="dtTechnicalDirector" jdbcType="VARCHAR" />
    <result column="DT_QUALITY_DIRECTOR" property="dtQualityDirector" jdbcType="VARCHAR" />
    <result column="DT_PARAMETER" property="dtParameter" jdbcType="VARCHAR" />
    <result column="DT_PRODUCT_RANGE" property="dtProductRange" jdbcType="VARCHAR" />
    <result column="CREATE_BY" property="createBy" jdbcType="CHAR" />
    <result column="CREATE_TIME" property="createTime" jdbcType="TIMESTAMP" />
    <result column="ENABLE" property="enable" jdbcType="CHAR" />
  </resultMap>
  <delete id="deleteByPrimaryKey" parameterType="java.lang.String" >
    delete from ASMS_SUBJ_DETECTION
    where ID = #{id,jdbcType=CHAR}
  </delete>
  <insert id="insert" parameterType="com.sofn.model.generator.AsmsSubjDetection" >
    insert into ASMS_SUBJ_DETECTION (ID, DT_NAME, DT_CODE, 
      DT_TYPE, DT_NATURE, DT_QUALIFICATIONS, 
      DT_RELY_ON_UNIT, DT_LEVEL, DT_AREA_ID, 
      DT_ADDRESS, DT_LEGAL_MAN, DT_LEADER, 
      DT_LEADER_PHONE, DT_CONTACT, DT_CONTACT_PHONE, 
      DT_CONTACT_Q_Q, DT_CONTACT_EMAIL, DT_POSTCODE, 
      DT_TECHNICAL_DIRECTOR, DT_QUALITY_DIRECTOR, 
      DT_PARAMETER, DT_PRODUCT_RANGE, CREATE_BY, 
      CREATE_TIME, ENABLE)
    values (#{id,jdbcType=CHAR}, #{dtName,jdbcType=VARCHAR}, #{dtCode,jdbcType=VARCHAR}, 
      #{dtType,jdbcType=VARCHAR}, #{dtNature,jdbcType=VARCHAR}, #{dtQualifications,jdbcType=VARCHAR}, 
      #{dtRelyOnUnit,jdbcType=VARCHAR}, #{dtLevel,jdbcType=VARCHAR}, #{dtAreaId,jdbcType=VARCHAR}, 
      #{dtAddress,jdbcType=VARCHAR}, #{dtLegalMan,jdbcType=VARCHAR}, #{dtLeader,jdbcType=VARCHAR}, 
      #{dtLeaderPhone,jdbcType=VARCHAR}, #{dtContact,jdbcType=VARCHAR}, #{dtContactPhone,jdbcType=VARCHAR}, 
      #{dtContactQQ,jdbcType=VARCHAR}, #{dtContactEmail,jdbcType=VARCHAR}, #{dtPostcode,jdbcType=CHAR}, 
      #{dtTechnicalDirector,jdbcType=VARCHAR}, #{dtQualityDirector,jdbcType=VARCHAR}, 
      #{dtParameter,jdbcType=VARCHAR}, #{dtProductRange,jdbcType=VARCHAR}, #{createBy,jdbcType=CHAR}, 
      #{createTime,jdbcType=TIMESTAMP}, #{enable,jdbcType=CHAR})
  </insert>
  <update id="updateByPrimaryKey" parameterType="com.sofn.model.generator.AsmsSubjDetection" >
    update ASMS_SUBJ_DETECTION
    set DT_NAME = #{dtName,jdbcType=VARCHAR},
      DT_CODE = #{dtCode,jdbcType=VARCHAR},
      DT_TYPE = #{dtType,jdbcType=VARCHAR},
      DT_NATURE = #{dtNature,jdbcType=VARCHAR},
      DT_QUALIFICATIONS = #{dtQualifications,jdbcType=VARCHAR},
      DT_RELY_ON_UNIT = #{dtRelyOnUnit,jdbcType=VARCHAR},
      DT_LEVEL = #{dtLevel,jdbcType=VARCHAR},
      DT_AREA_ID = #{dtAreaId,jdbcType=VARCHAR},
      DT_ADDRESS = #{dtAddress,jdbcType=VARCHAR},
      DT_LEGAL_MAN = #{dtLegalMan,jdbcType=VARCHAR},
      DT_LEADER = #{dtLeader,jdbcType=VARCHAR},
      DT_LEADER_PHONE = #{dtLeaderPhone,jdbcType=VARCHAR},
      DT_CONTACT = #{dtContact,jdbcType=VARCHAR},
      DT_CONTACT_PHONE = #{dtContactPhone,jdbcType=VARCHAR},
      DT_CONTACT_Q_Q = #{dtContactQQ,jdbcType=VARCHAR},
      DT_CONTACT_EMAIL = #{dtContactEmail,jdbcType=VARCHAR},
      DT_POSTCODE = #{dtPostcode,jdbcType=CHAR},
      DT_TECHNICAL_DIRECTOR = #{dtTechnicalDirector,jdbcType=VARCHAR},
      DT_QUALITY_DIRECTOR = #{dtQualityDirector,jdbcType=VARCHAR},
      DT_PARAMETER = #{dtParameter,jdbcType=VARCHAR},
      DT_PRODUCT_RANGE = #{dtProductRange,jdbcType=VARCHAR},
      CREATE_BY = #{createBy,jdbcType=CHAR},
      CREATE_TIME = #{createTime,jdbcType=TIMESTAMP},
      ENABLE = #{enable,jdbcType=CHAR}
    where ID = #{id,jdbcType=CHAR}
  </update>
  <select id="selectByPrimaryKey" resultMap="BaseResultMap" parameterType="java.lang.String" >
    select ID, DT_NAME, DT_CODE, DT_TYPE, DT_NATURE, DT_QUALIFICATIONS, DT_RELY_ON_UNIT, 
    DT_LEVEL, DT_AREA_ID, DT_ADDRESS, DT_LEGAL_MAN, DT_LEADER, DT_LEADER_PHONE, DT_CONTACT, 
    DT_CONTACT_PHONE, DT_CONTACT_Q_Q, DT_CONTACT_EMAIL, DT_POSTCODE, DT_TECHNICAL_DIRECTOR, 
    DT_QUALITY_DIRECTOR, DT_PARAMETER, DT_PRODUCT_RANGE, CREATE_BY, CREATE_TIME, ENABLE
    from ASMS_SUBJ_DETECTION
    where ID = #{id,jdbcType=CHAR}
  </select>
  <select id="selectAll" resultMap="BaseResultMap" >
    select ID, DT_NAME, DT_CODE, DT_TYPE, DT_NATURE, DT_QUALIFICATIONS, DT_RELY_ON_UNIT, 
    DT_LEVEL, DT_AREA_ID, DT_ADDRESS, DT_LEGAL_MAN, DT_LEADER, DT_LEADER_PHONE, DT_CONTACT, 
    DT_CONTACT_PHONE, DT_CONTACT_Q_Q, DT_CONTACT_EMAIL, DT_POSTCODE, DT_TECHNICAL_DIRECTOR, 
    DT_QUALITY_DIRECTOR, DT_PARAMETER, DT_PRODUCT_RANGE, CREATE_BY, CREATE_TIME, ENABLE
    from ASMS_SUBJ_DETECTION
  </select>
</mapper>