<?xml version="1.0" encoding="UTF-8" ?>
<!DOCTYPE mapper PUBLIC "-//mybatis.org//DTD Mapper 3.0//EN" "http://mybatis.org/dtd/mybatis-3-mapper.dtd" >
<mapper namespace="com.sofn.dao.generator.AsmsEmergencyExpertMapper" >
  <resultMap id="BaseResultMap" type="com.sofn.model.generator.AsmsEmergencyExpert" >
    <id column="ID" property="id" jdbcType="CHAR" />
    <result column="EMERGENCY_ID" property="emergencyId" jdbcType="CHAR" />
    <result column="EXPERT_ID" property="expertId" jdbcType="CHAR" />
  </resultMap>
  <delete id="deleteByPrimaryKey" parameterType="java.lang.String" >
    delete from ASMS_EMERGENCY_EXPERT
    where ID = #{id,jdbcType=CHAR}
  </delete>
  <insert id="insert" parameterType="com.sofn.model.generator.AsmsEmergencyExpert" >
    insert into ASMS_EMERGENCY_EXPERT (ID, EMERGENCY_ID, EXPERT_ID
      )
    values (#{id,jdbcType=CHAR}, #{emergencyId,jdbcType=CHAR}, #{expertId,jdbcType=CHAR}
      )
  </insert>
  <update id="updateByPrimaryKey" parameterType="com.sofn.model.generator.AsmsEmergencyExpert" >
    update ASMS_EMERGENCY_EXPERT
    set EMERGENCY_ID = #{emergencyId,jdbcType=CHAR},
      EXPERT_ID = #{expertId,jdbcType=CHAR}
    where ID = #{id,jdbcType=CHAR}
  </update>
  <select id="selectByPrimaryKey" resultMap="BaseResultMap" parameterType="java.lang.String" >
    select ID, EMERGENCY_ID, EXPERT_ID
    from ASMS_EMERGENCY_EXPERT
    where ID = #{id,jdbcType=CHAR}
  </select>
  <select id="selectAll" resultMap="BaseResultMap" >
    select ID, EMERGENCY_ID, EXPERT_ID
    from ASMS_EMERGENCY_EXPERT
  </select>
</mapper>