<?xml version="1.0" encoding="UTF-8" ?>
<!DOCTYPE mapper PUBLIC "-//mybatis.org//DTD Mapper 3.0//EN" "http://mybatis.org/dtd/mybatis-3-mapper.dtd" >
<mapper namespace="com.sofn.dao.generator.AsmsRoutineMonitorMapper" >
  <resultMap id="BaseResultMap" type="com.sofn.model.generator.AsmsRoutineMonitor" >
    <id column="ID" property="id" jdbcType="CHAR" />
    <result column="RM_NAME" property="rmName" jdbcType="VARCHAR" />
    <result column="RM_TYPE" property="rmType" jdbcType="VARCHAR" />
    <result column="RM_MODEL_ID" property="rmModelId" jdbcType="VARCHAR" />
    <result column="RM_YEAR" property="rmYear" jdbcType="CHAR" />
    <result column="RM_BATCH" property="rmBatch" jdbcType="VARCHAR" />
    <result column="RM_DATE_BEGIN" property="rmDateBegin" jdbcType="TIMESTAMP" />
    <result column="RM_DATE_END" property="rmDateEnd" jdbcType="TIMESTAMP" />
    <result column="RM_RELEASE_UNIT" property="rmReleaseUnit" jdbcType="CHAR" />
    <result column="RM_FILE" property="rmFile" jdbcType="VARCHAR" />
    <result column="RM_FILE_NUM" property="rmFileNum" jdbcType="VARCHAR" />
    <result column="RM_REMARK" property="rmRemark" jdbcType="VARCHAR" />
    <result column="RM_STATE" property="rmState" jdbcType="VARCHAR" />
    <result column="CREATE_BY" property="createBy" jdbcType="CHAR" />
    <result column="CREATE_TIME" property="createTime" jdbcType="TIMESTAMP" />
    <result column="UPDATE_BY" property="updateBy" jdbcType="CHAR" />
    <result column="UPDATE_TIME" property="updateTime" jdbcType="TIMESTAMP" />
    <result column="ENABLE" property="enable" jdbcType="CHAR" />
  </resultMap>
  <delete id="deleteByPrimaryKey" parameterType="java.lang.String" >
    delete from ASMS_ROUTINE_MONITOR
    where ID = #{id,jdbcType=CHAR}
  </delete>
  <insert id="insert" parameterType="com.sofn.model.generator.AsmsRoutineMonitor" >
    insert into ASMS_ROUTINE_MONITOR (ID, RM_NAME, RM_TYPE, 
      RM_MODEL_ID, RM_YEAR, RM_BATCH, 
      RM_DATE_BEGIN, RM_DATE_END, RM_RELEASE_UNIT, 
      RM_FILE, RM_FILE_NUM, RM_REMARK, 
      RM_STATE, CREATE_BY, CREATE_TIME, 
      UPDATE_BY, UPDATE_TIME, ENABLE
      )
    values (#{id,jdbcType=CHAR}, #{rmName,jdbcType=VARCHAR}, #{rmType,jdbcType=VARCHAR}, 
      #{rmModelId,jdbcType=VARCHAR}, #{rmYear,jdbcType=CHAR}, #{rmBatch,jdbcType=VARCHAR}, 
      #{rmDateBegin,jdbcType=TIMESTAMP}, #{rmDateEnd,jdbcType=TIMESTAMP}, #{rmReleaseUnit,jdbcType=CHAR}, 
      #{rmFile,jdbcType=VARCHAR}, #{rmFileNum,jdbcType=VARCHAR}, #{rmRemark,jdbcType=VARCHAR}, 
      #{rmState,jdbcType=VARCHAR}, #{createBy,jdbcType=CHAR}, #{createTime,jdbcType=TIMESTAMP}, 
      #{updateBy,jdbcType=CHAR}, #{updateTime,jdbcType=TIMESTAMP}, #{enable,jdbcType=CHAR}
      )
  </insert>
  <update id="updateByPrimaryKey" parameterType="com.sofn.model.generator.AsmsRoutineMonitor" >
    update ASMS_ROUTINE_MONITOR
    set RM_NAME = #{rmName,jdbcType=VARCHAR},
      RM_TYPE = #{rmType,jdbcType=VARCHAR},
      RM_MODEL_ID = #{rmModelId,jdbcType=VARCHAR},
      RM_YEAR = #{rmYear,jdbcType=CHAR},
      RM_BATCH = #{rmBatch,jdbcType=VARCHAR},
      RM_DATE_BEGIN = #{rmDateBegin,jdbcType=TIMESTAMP},
      RM_DATE_END = #{rmDateEnd,jdbcType=TIMESTAMP},
      RM_RELEASE_UNIT = #{rmReleaseUnit,jdbcType=CHAR},
      RM_FILE = #{rmFile,jdbcType=VARCHAR},
      RM_FILE_NUM = #{rmFileNum,jdbcType=VARCHAR},
      RM_REMARK = #{rmRemark,jdbcType=VARCHAR},
      RM_STATE = #{rmState,jdbcType=VARCHAR},
      CREATE_BY = #{createBy,jdbcType=CHAR},
      CREATE_TIME = #{createTime,jdbcType=TIMESTAMP},
      UPDATE_BY = #{updateBy,jdbcType=CHAR},
      UPDATE_TIME = #{updateTime,jdbcType=TIMESTAMP},
      ENABLE = #{enable,jdbcType=CHAR}
    where ID = #{id,jdbcType=CHAR}
  </update>
  <select id="selectByPrimaryKey" resultMap="BaseResultMap" parameterType="java.lang.String" >
    select ID, RM_NAME, RM_TYPE, RM_MODEL_ID, RM_YEAR, RM_BATCH, RM_DATE_BEGIN, RM_DATE_END, 
    RM_RELEASE_UNIT, RM_FILE, RM_FILE_NUM, RM_REMARK, RM_STATE, CREATE_BY, CREATE_TIME, 
    UPDATE_BY, UPDATE_TIME, ENABLE
    from ASMS_ROUTINE_MONITOR
    where ID = #{id,jdbcType=CHAR}
  </select>
  <select id="selectAll" resultMap="BaseResultMap" >
    select ID, RM_NAME, RM_TYPE, RM_MODEL_ID, RM_YEAR, RM_BATCH, RM_DATE_BEGIN, RM_DATE_END, 
    RM_RELEASE_UNIT, RM_FILE, RM_FILE_NUM, RM_REMARK, RM_STATE, CREATE_BY, CREATE_TIME, 
    UPDATE_BY, UPDATE_TIME, ENABLE
    from ASMS_ROUTINE_MONITOR
  </select>
</mapper>