<?xml version="1.0" encoding="UTF-8" ?>
<!DOCTYPE mapper PUBLIC "-//mybatis.org//DTD Mapper 3.0//EN" "http://mybatis.org/dtd/mybatis-3-mapper.dtd" >
<mapper namespace="com.sofn.dao.generator.AsmsSubjSvModifylogMapper" >
  <resultMap id="BaseResultMap" type="com.sofn.model.generator.AsmsSubjSvModifylog" >
    <id column="ID" property="id" jdbcType="CHAR" />
    <result column="SV_ID" property="svId" jdbcType="CHAR" />
    <result column="SV_MODIFYLOG" property="svModifylog" jdbcType="VARCHAR" />
    <result column="CREATE_BY" property="createBy" jdbcType="CHAR" />
    <result column="CREATE_TIME" property="createTime" jdbcType="TIMESTAMP" />
    <result column="UPDATE_BY" property="updateBy" jdbcType="CHAR" />
    <result column="UPDATE_TIME" property="updateTime" jdbcType="TIMESTAMP" />
  </resultMap>
  <delete id="deleteByPrimaryKey" parameterType="java.lang.String" >
    delete from ASMS_SUBJ_SV_MODIFYLOG
    where ID = #{id,jdbcType=CHAR}
  </delete>
  <insert id="insert" parameterType="com.sofn.model.generator.AsmsSubjSvModifylog" >
    insert into ASMS_SUBJ_SV_MODIFYLOG (ID, SV_ID, SV_MODIFYLOG, 
      CREATE_BY, CREATE_TIME, UPDATE_BY, 
      UPDATE_TIME)
    values (#{id,jdbcType=CHAR}, #{svId,jdbcType=CHAR}, #{svModifylog,jdbcType=VARCHAR}, 
      #{createBy,jdbcType=CHAR}, #{createTime,jdbcType=TIMESTAMP}, #{updateBy,jdbcType=CHAR}, 
      #{updateTime,jdbcType=TIMESTAMP})
  </insert>
  <update id="updateByPrimaryKey" parameterType="com.sofn.model.generator.AsmsSubjSvModifylog" >
    update ASMS_SUBJ_SV_MODIFYLOG
    set SV_ID = #{svId,jdbcType=CHAR},
      SV_MODIFYLOG = #{svModifylog,jdbcType=VARCHAR},
      CREATE_BY = #{createBy,jdbcType=CHAR},
      CREATE_TIME = #{createTime,jdbcType=TIMESTAMP},
      UPDATE_BY = #{updateBy,jdbcType=CHAR},
      UPDATE_TIME = #{updateTime,jdbcType=TIMESTAMP}
    where ID = #{id,jdbcType=CHAR}
  </update>
  <select id="selectByPrimaryKey" resultMap="BaseResultMap" parameterType="java.lang.String" >
    select ID, SV_ID, SV_MODIFYLOG, CREATE_BY, CREATE_TIME, UPDATE_BY, UPDATE_TIME
    from ASMS_SUBJ_SV_MODIFYLOG
    where ID = #{id,jdbcType=CHAR}
  </select>
  <select id="selectAll" resultMap="BaseResultMap" >
    select ID, SV_ID, SV_MODIFYLOG, CREATE_BY, CREATE_TIME, UPDATE_BY, UPDATE_TIME
    from ASMS_SUBJ_SV_MODIFYLOG
  </select>
</mapper>