<?xml version="1.0" encoding="UTF-8"?>
<!DOCTYPE mapper PUBLIC "-//mybatis.org//DTD Mapper 3.0//EN" "http://mybatis.org/dtd/mybatis-3-mapper.dtd">
<mapper namespace="com.sofn.dao.generator.AsmsCheckTaskMapper">
  <resultMap id="BaseResultMap" type="com.sofn.model.generator.AsmsCheckTask">
    <id column="ID" jdbcType="CHAR" property="id" />
    <result column="TASK_NAME" jdbcType="VARCHAR" property="taskName" />
    <result column="TASK_TYPE" jdbcType="VARCHAR" property="taskType" />
    <result column="TASK_YEAR" jdbcType="CHAR" property="taskYear" />
    <result column="TASK_BEGIN_TIME" jdbcType="TIMESTAMP" property="taskBeginTime" />
    <result column="TASK_END_TIME" jdbcType="TIMESTAMP" property="taskEndTime" />
    <result column="TASK_RELEASE_UNIT" jdbcType="VARCHAR" property="taskReleaseUnit" />
    <result column="TASK_IS_SEPARATE" jdbcType="CHAR" property="taskIsSeparate" />
    <result column="TASK_AREA_ID" jdbcType="VARCHAR" property="taskAreaId" />
    <result column="TASK_INDUSTRY" jdbcType="VARCHAR" property="taskIndustry" />
    <result column="TASK_SAMPLE_DEADLINE" jdbcType="TIMESTAMP" property="taskSampleDeadline" />
    <result column="FILES" jdbcType="VARCHAR" property="files" />
    <result column="FILE_CODE" jdbcType="VARCHAR" property="fileCode" />
    <result column="REMARK" jdbcType="VARCHAR" property="remark" />
    <result column="TASK_LEVEL" jdbcType="CHAR" property="taskLevel" />
    <result column="STATE" jdbcType="VARCHAR" property="state" />
    <result column="CREATE_BY" jdbcType="CHAR" property="createBy" />
    <result column="CREATE_TIME" jdbcType="TIMESTAMP" property="createTime" />
    <result column="UPDATE_BY" jdbcType="CHAR" property="updateBy" />
    <result column="UPDATE_TIME" jdbcType="TIMESTAMP" property="updateTime" />
    <result column="ENABLE" jdbcType="CHAR" property="enable" />
  </resultMap>
  <delete id="deleteByPrimaryKey" parameterType="java.lang.String">
    delete from ASMS_CHECK_TASK
    where ID = #{id,jdbcType=CHAR}
  </delete>
  <insert id="insert" parameterType="com.sofn.model.generator.AsmsCheckTask">
    insert into ASMS_CHECK_TASK (ID, TASK_NAME, TASK_TYPE, 
      TASK_YEAR, TASK_BEGIN_TIME, TASK_END_TIME, 
      TASK_RELEASE_UNIT, TASK_IS_SEPARATE, TASK_AREA_ID, 
      TASK_INDUSTRY, TASK_SAMPLE_DEADLINE, FILES, 
      FILE_CODE, REMARK, TASK_LEVEL, 
      STATE, CREATE_BY, CREATE_TIME, 
      UPDATE_BY, UPDATE_TIME, ENABLE
      )
    values (#{id,jdbcType=CHAR}, #{taskName,jdbcType=VARCHAR}, #{taskType,jdbcType=VARCHAR}, 
      #{taskYear,jdbcType=CHAR}, #{taskBeginTime,jdbcType=TIMESTAMP}, #{taskEndTime,jdbcType=TIMESTAMP}, 
      #{taskReleaseUnit,jdbcType=VARCHAR}, #{taskIsSeparate,jdbcType=CHAR}, #{taskAreaId,jdbcType=VARCHAR}, 
      #{taskIndustry,jdbcType=VARCHAR}, #{taskSampleDeadline,jdbcType=TIMESTAMP}, #{files,jdbcType=VARCHAR}, 
      #{fileCode,jdbcType=VARCHAR}, #{remark,jdbcType=VARCHAR}, #{taskLevel,jdbcType=CHAR}, 
      #{state,jdbcType=VARCHAR}, #{createBy,jdbcType=CHAR}, #{createTime,jdbcType=TIMESTAMP}, 
      #{updateBy,jdbcType=CHAR}, #{updateTime,jdbcType=TIMESTAMP}, #{enable,jdbcType=CHAR}
      )
  </insert>
  <update id="updateByPrimaryKey" parameterType="com.sofn.model.generator.AsmsCheckTask">
    update ASMS_CHECK_TASK
    set TASK_NAME = #{taskName,jdbcType=VARCHAR},
      TASK_TYPE = #{taskType,jdbcType=VARCHAR},
      TASK_YEAR = #{taskYear,jdbcType=CHAR},
      TASK_BEGIN_TIME = #{taskBeginTime,jdbcType=TIMESTAMP},
      TASK_END_TIME = #{taskEndTime,jdbcType=TIMESTAMP},
      TASK_RELEASE_UNIT = #{taskReleaseUnit,jdbcType=VARCHAR},
      TASK_IS_SEPARATE = #{taskIsSeparate,jdbcType=CHAR},
      TASK_AREA_ID = #{taskAreaId,jdbcType=VARCHAR},
      TASK_INDUSTRY = #{taskIndustry,jdbcType=VARCHAR},
      TASK_SAMPLE_DEADLINE = #{taskSampleDeadline,jdbcType=TIMESTAMP},
      FILES = #{files,jdbcType=VARCHAR},
      FILE_CODE = #{fileCode,jdbcType=VARCHAR},
      REMARK = #{remark,jdbcType=VARCHAR},
      TASK_LEVEL = #{taskLevel,jdbcType=CHAR},
      STATE = #{state,jdbcType=VARCHAR},
      CREATE_BY = #{createBy,jdbcType=CHAR},
      CREATE_TIME = #{createTime,jdbcType=TIMESTAMP},
      UPDATE_BY = #{updateBy,jdbcType=CHAR},
      UPDATE_TIME = #{updateTime,jdbcType=TIMESTAMP},
      ENABLE = #{enable,jdbcType=CHAR}
    where ID = #{id,jdbcType=CHAR}
  </update>
  <select id="selectByPrimaryKey" parameterType="java.lang.String" resultMap="BaseResultMap">
    select ID, TASK_NAME, TASK_TYPE, TASK_YEAR, TASK_BEGIN_TIME, TASK_END_TIME, TASK_RELEASE_UNIT, 
    TASK_IS_SEPARATE, TASK_AREA_ID, TASK_INDUSTRY, TASK_SAMPLE_DEADLINE, FILES, FILE_CODE, 
    REMARK, TASK_LEVEL, STATE, CREATE_BY, CREATE_TIME, UPDATE_BY, UPDATE_TIME, ENABLE
    from ASMS_CHECK_TASK
    where ID = #{id,jdbcType=CHAR}
  </select>
  <select id="selectAll" resultMap="BaseResultMap">
    select ID, TASK_NAME, TASK_TYPE, TASK_YEAR, TASK_BEGIN_TIME, TASK_END_TIME, TASK_RELEASE_UNIT, 
    TASK_IS_SEPARATE, TASK_AREA_ID, TASK_INDUSTRY, TASK_SAMPLE_DEADLINE, FILES, FILE_CODE, 
    REMARK, TASK_LEVEL, STATE, CREATE_BY, CREATE_TIME, UPDATE_BY, UPDATE_TIME, ENABLE
    from ASMS_CHECK_TASK
  </select>
</mapper>