<?xml version="1.0" encoding="UTF-8" ?>
<!DOCTYPE mapper PUBLIC "-//mybatis.org//DTD Mapper 3.0//EN" "http://mybatis.org/dtd/mybatis-3-mapper.dtd" >
<mapper namespace="com.sofn.dao.generator.AsmsSpecialLeadUnitMapper" >
  <resultMap id="BaseResultMap" type="com.sofn.model.generator.AsmsSpecialLeadUnit" >
    <id column="ID" property="id" jdbcType="CHAR" />
    <result column="SPECIAL_MONITOR_ID" property="specialMonitorId" jdbcType="CHAR" />
    <result column="LEAD_UNIT_ID" property="leadUnitId" jdbcType="CHAR" />
  </resultMap>
  <delete id="deleteByPrimaryKey" parameterType="java.lang.String" >
    delete from ASMS_SPECIAL_LEAD_UNIT
    where ID = #{id,jdbcType=CHAR}
  </delete>
  <insert id="insert" parameterType="com.sofn.model.generator.AsmsSpecialLeadUnit" >
    insert into ASMS_SPECIAL_LEAD_UNIT (ID, SPECIAL_MONITOR_ID, LEAD_UNIT_ID
      )
    values (#{id,jdbcType=CHAR}, #{specialMonitorId,jdbcType=CHAR}, #{leadUnitId,jdbcType=CHAR}
      )
  </insert>
  <update id="updateByPrimaryKey" parameterType="com.sofn.model.generator.AsmsSpecialLeadUnit" >
    update ASMS_SPECIAL_LEAD_UNIT
    set SPECIAL_MONITOR_ID = #{specialMonitorId,jdbcType=CHAR},
      LEAD_UNIT_ID = #{leadUnitId,jdbcType=CHAR}
    where ID = #{id,jdbcType=CHAR}
  </update>
  <select id="selectByPrimaryKey" resultMap="BaseResultMap" parameterType="java.lang.String" >
    select ID, SPECIAL_MONITOR_ID, LEAD_UNIT_ID
    from ASMS_SPECIAL_LEAD_UNIT
    where ID = #{id,jdbcType=CHAR}
  </select>
  <select id="selectAll" resultMap="BaseResultMap" >
    select ID, SPECIAL_MONITOR_ID, LEAD_UNIT_ID
    from ASMS_SPECIAL_LEAD_UNIT
  </select>
</mapper>