<?xml version="1.0" encoding="UTF-8" ?>
<!DOCTYPE mapper PUBLIC "-//mybatis.org//DTD Mapper 3.0//EN" "http://mybatis.org/dtd/mybatis-3-mapper.dtd" >
<mapper namespace="com.sofn.dao.generator.AsmsRecheckObjectMapper" >
  <resultMap id="BaseResultMap" type="com.sofn.model.generator.AsmsRecheckObject" >
    <id column="ID" property="id" jdbcType="CHAR" />
    <result column="RECHECK_TASK_ID" property="recheckTaskId" jdbcType="CHAR" />
    <result column="RECHECK_SAMPLE_NAME" property="recheckSampleName" jdbcType="VARCHAR" />
    <result column="RECHECK_SAMPLE_CODE" property="recheckSampleCode" jdbcType="VARCHAR" />
    <result column="RECHECK_UNIT_ID" property="recheckUnitId" jdbcType="CHAR" />
    <result column="RECHECK_STANDARD" property="recheckStandard" jdbcType="VARCHAR" />
    <result column="RECHECK_JUDGE_STANDARD" property="recheckJudgeStandard" jdbcType="VARCHAR" />
    <result column="CREATE_BY" property="createBy" jdbcType="CHAR" />
    <result column="CREATE_TIME" property="createTime" jdbcType="TIMESTAMP" />
    <result column="ENABLE" property="enable" jdbcType="CHAR" />
  </resultMap>
  <delete id="deleteByPrimaryKey" parameterType="java.lang.String" >
    delete from ASMS_RECHECK_OBJECT
    where ID = #{id,jdbcType=CHAR}
  </delete>
  <insert id="insert" parameterType="com.sofn.model.generator.AsmsRecheckObject" >
    insert into ASMS_RECHECK_OBJECT (ID, RECHECK_TASK_ID, RECHECK_SAMPLE_NAME, 
      RECHECK_SAMPLE_CODE, RECHECK_UNIT_ID, RECHECK_STANDARD, 
      RECHECK_JUDGE_STANDARD, CREATE_BY, CREATE_TIME, 
      ENABLE)
    values (#{id,jdbcType=CHAR}, #{recheckTaskId,jdbcType=CHAR}, #{recheckSampleName,jdbcType=VARCHAR}, 
      #{recheckSampleCode,jdbcType=VARCHAR}, #{recheckUnitId,jdbcType=CHAR}, #{recheckStandard,jdbcType=VARCHAR}, 
      #{recheckJudgeStandard,jdbcType=VARCHAR}, #{createBy,jdbcType=CHAR}, #{createTime,jdbcType=TIMESTAMP}, 
      #{enable,jdbcType=CHAR})
  </insert>
  <update id="updateByPrimaryKey" parameterType="com.sofn.model.generator.AsmsRecheckObject" >
    update ASMS_RECHECK_OBJECT
    set RECHECK_TASK_ID = #{recheckTaskId,jdbcType=CHAR},
      RECHECK_SAMPLE_NAME = #{recheckSampleName,jdbcType=VARCHAR},
      RECHECK_SAMPLE_CODE = #{recheckSampleCode,jdbcType=VARCHAR},
      RECHECK_UNIT_ID = #{recheckUnitId,jdbcType=CHAR},
      RECHECK_STANDARD = #{recheckStandard,jdbcType=VARCHAR},
      RECHECK_JUDGE_STANDARD = #{recheckJudgeStandard,jdbcType=VARCHAR},
      CREATE_BY = #{createBy,jdbcType=CHAR},
      CREATE_TIME = #{createTime,jdbcType=TIMESTAMP},
      ENABLE = #{enable,jdbcType=CHAR}
    where ID = #{id,jdbcType=CHAR}
  </update>
  <select id="selectByPrimaryKey" resultMap="BaseResultMap" parameterType="java.lang.String" >
    select ID, RECHECK_TASK_ID, RECHECK_SAMPLE_NAME, RECHECK_SAMPLE_CODE, RECHECK_UNIT_ID, 
    RECHECK_STANDARD, RECHECK_JUDGE_STANDARD, CREATE_BY, CREATE_TIME, ENABLE
    from ASMS_RECHECK_OBJECT
    where ID = #{id,jdbcType=CHAR}
  </select>
  <select id="selectAll" resultMap="BaseResultMap" >
    select ID, RECHECK_TASK_ID, RECHECK_SAMPLE_NAME, RECHECK_SAMPLE_CODE, RECHECK_UNIT_ID, 
    RECHECK_STANDARD, RECHECK_JUDGE_STANDARD, CREATE_BY, CREATE_TIME, ENABLE
    from ASMS_RECHECK_OBJECT
  </select>
</mapper>