<?xml version="1.0" encoding="UTF-8" ?>
<!DOCTYPE mapper PUBLIC "-//mybatis.org//DTD Mapper 3.0//EN" "http://mybatis.org/dtd/mybatis-3-mapper.dtd" >
<mapper namespace="com.sofn.dao.generator.AsmsEmergencyTaskMapper" >
  <resultMap id="BaseResultMap" type="com.sofn.model.generator.AsmsEmergencyTask" >
    <id column="ID" property="id" jdbcType="CHAR" />
    <result column="TASK_NAME" property="taskName" jdbcType="VARCHAR" />
    <result column="TASK_TYPE" property="taskType" jdbcType="VARCHAR" />
    <result column="AREA_ID" property="areaId" jdbcType="VARCHAR" />
    <result column="TASK_BEGIN" property="taskBegin" jdbcType="TIMESTAMP" />
    <result column="TASK_END" property="taskEnd" jdbcType="TIMESTAMP" />
    <result column="RELEASE_UNIT" property="releaseUnit" jdbcType="VARCHAR" />
    <result column="RELEASE_UNIT_LEVEL" property="releaseUnitLevel" jdbcType="VARCHAR" />
    <result column="IS_BEAR_UNIT" property="isBearUnit" jdbcType="VARCHAR" />
    <result column="BEAR_UNIT" property="bearUnit" jdbcType="VARCHAR" />
    <result column="FILES" property="files" jdbcType="VARCHAR" />
    <result column="FILE_CODE" property="fileCode" jdbcType="VARCHAR" />
    <result column="REMARK" property="remark" jdbcType="VARCHAR" />
    <result column="CREATE_BY" property="createBy" jdbcType="CHAR" />
    <result column="CREATE_TIME" property="createTime" jdbcType="TIMESTAMP" />
    <result column="UPDATE_BY" property="updateBy" jdbcType="CHAR" />
    <result column="UPDATE_TIME" property="updateTime" jdbcType="TIMESTAMP" />
    <result column="ENABLE" property="enable" jdbcType="CHAR" />
  </resultMap>
  <delete id="deleteByPrimaryKey" parameterType="java.lang.String" >
    delete from ASMS_EMERGENCY_TASK
    where ID = #{id,jdbcType=CHAR}
  </delete>
  <insert id="insert" parameterType="com.sofn.model.generator.AsmsEmergencyTask" >
    insert into ASMS_EMERGENCY_TASK (ID, TASK_NAME, TASK_TYPE, 
      AREA_ID, TASK_BEGIN, TASK_END, 
      RELEASE_UNIT, RELEASE_UNIT_LEVEL, IS_BEAR_UNIT, 
      BEAR_UNIT, FILES, FILE_CODE, 
      REMARK, CREATE_BY, CREATE_TIME, 
      UPDATE_BY, UPDATE_TIME, ENABLE
      )
    values (#{id,jdbcType=CHAR}, #{taskName,jdbcType=VARCHAR}, #{taskType,jdbcType=VARCHAR}, 
      #{areaId,jdbcType=VARCHAR}, #{taskBegin,jdbcType=TIMESTAMP}, #{taskEnd,jdbcType=TIMESTAMP}, 
      #{releaseUnit,jdbcType=VARCHAR}, #{releaseUnitLevel,jdbcType=VARCHAR}, #{isBearUnit,jdbcType=VARCHAR}, 
      #{bearUnit,jdbcType=VARCHAR}, #{files,jdbcType=VARCHAR}, #{fileCode,jdbcType=VARCHAR}, 
      #{remark,jdbcType=VARCHAR}, #{createBy,jdbcType=CHAR}, #{createTime,jdbcType=TIMESTAMP}, 
      #{updateBy,jdbcType=CHAR}, #{updateTime,jdbcType=TIMESTAMP}, #{enable,jdbcType=CHAR}
      )
  </insert>
  <update id="updateByPrimaryKey" parameterType="com.sofn.model.generator.AsmsEmergencyTask" >
    update ASMS_EMERGENCY_TASK
    set TASK_NAME = #{taskName,jdbcType=VARCHAR},
      TASK_TYPE = #{taskType,jdbcType=VARCHAR},
      AREA_ID = #{areaId,jdbcType=VARCHAR},
      TASK_BEGIN = #{taskBegin,jdbcType=TIMESTAMP},
      TASK_END = #{taskEnd,jdbcType=TIMESTAMP},
      RELEASE_UNIT = #{releaseUnit,jdbcType=VARCHAR},
      RELEASE_UNIT_LEVEL = #{releaseUnitLevel,jdbcType=VARCHAR},
      IS_BEAR_UNIT = #{isBearUnit,jdbcType=VARCHAR},
      BEAR_UNIT = #{bearUnit,jdbcType=VARCHAR},
      FILES = #{files,jdbcType=VARCHAR},
      FILE_CODE = #{fileCode,jdbcType=VARCHAR},
      REMARK = #{remark,jdbcType=VARCHAR},
      CREATE_BY = #{createBy,jdbcType=CHAR},
      CREATE_TIME = #{createTime,jdbcType=TIMESTAMP},
      UPDATE_BY = #{updateBy,jdbcType=CHAR},
      UPDATE_TIME = #{updateTime,jdbcType=TIMESTAMP},
      ENABLE = #{enable,jdbcType=CHAR}
    where ID = #{id,jdbcType=CHAR}
  </update>
  <select id="selectByPrimaryKey" resultMap="BaseResultMap" parameterType="java.lang.String" >
    select ID, TASK_NAME, TASK_TYPE, AREA_ID, TASK_BEGIN, TASK_END, RELEASE_UNIT, RELEASE_UNIT_LEVEL, 
    IS_BEAR_UNIT, BEAR_UNIT, FILES, FILE_CODE, REMARK, CREATE_BY, CREATE_TIME, UPDATE_BY, 
    UPDATE_TIME, ENABLE
    from ASMS_EMERGENCY_TASK
    where ID = #{id,jdbcType=CHAR}
  </select>
  <select id="selectAll" resultMap="BaseResultMap" >
    select ID, TASK_NAME, TASK_TYPE, AREA_ID, TASK_BEGIN, TASK_END, RELEASE_UNIT, RELEASE_UNIT_LEVEL, 
    IS_BEAR_UNIT, BEAR_UNIT, FILES, FILE_CODE, REMARK, CREATE_BY, CREATE_TIME, UPDATE_BY, 
    UPDATE_TIME, ENABLE
    from ASMS_EMERGENCY_TASK
  </select>
</mapper>