<?xml version="1.0" encoding="UTF-8" ?>
<!DOCTYPE mapper PUBLIC "-//mybatis.org//DTD Mapper 3.0//EN" "http://mybatis.org/dtd/mybatis-3-mapper.dtd" >
<mapper namespace="com.sofn.dao.generator.AsmsBaseInspectionMapper" >
  <resultMap id="BaseResultMap" type="com.sofn.model.generator.AsmsBaseInspection" >
    <id column="ID" property="id" jdbcType="CHAR" />
    <result column="ENTERPRISE_ID" property="enterpriseId" jdbcType="CHAR" />
    <result column="INSPECTION_TYPE" property="inspectionType" jdbcType="VARCHAR" />
    <result column="INSPECTION_RESULT" property="inspectionResult" jdbcType="VARCHAR" />
    <result column="INSPECTION_VIEW" property="inspectionView" jdbcType="VARCHAR" />
    <result column="INSPECTION_IMAGES" property="inspectionImages" jdbcType="VARCHAR" />
    <result column="INSPECTION_TIME" property="inspectionTime" jdbcType="TIMESTAMP" />
    <result column="INSPECTION_SV_ID" property="inspectionSvId" jdbcType="CHAR" />
    <result column="INSPECTION_USER_NAME" property="inspectionUserName" jdbcType="VARCHAR" />
    <result column="EL_CHECK_STATE" property="elCheckState" jdbcType="CHAR" />
    <result column="HEAD_SIGN" property="headSign" jdbcType="VARCHAR" />
    <result column="HEAD_SIGN_FILE" property="headSignFile" jdbcType="VARCHAR" />
    <result column="CREATE_BY" property="createBy" jdbcType="CHAR" />
    <result column="CREATE_TIME" property="createTime" jdbcType="TIMESTAMP" />
    <result column="UPDATE_BY" property="updateBy" jdbcType="CHAR" />
    <result column="UPDATE_TIME" property="updateTime" jdbcType="TIMESTAMP" />
    <result column="ENABLE" property="enable" jdbcType="CHAR" />
  </resultMap>
  <delete id="deleteByPrimaryKey" parameterType="java.lang.String" >
    delete from ASMS_BASE_INSPECTION
    where ID = #{id,jdbcType=CHAR}
  </delete>
  <insert id="insert" parameterType="com.sofn.model.generator.AsmsBaseInspection" >
    insert into ASMS_BASE_INSPECTION (ID, ENTERPRISE_ID, INSPECTION_TYPE, 
      INSPECTION_RESULT, INSPECTION_VIEW, INSPECTION_IMAGES, 
      INSPECTION_TIME, INSPECTION_SV_ID, INSPECTION_USER_NAME, 
      EL_CHECK_STATE, HEAD_SIGN, HEAD_SIGN_FILE, 
      CREATE_BY, CREATE_TIME, UPDATE_BY, 
      UPDATE_TIME, ENABLE)
    values (#{id,jdbcType=CHAR}, #{enterpriseId,jdbcType=CHAR}, #{inspectionType,jdbcType=VARCHAR}, 
      #{inspectionResult,jdbcType=VARCHAR}, #{inspectionView,jdbcType=VARCHAR}, #{inspectionImages,jdbcType=VARCHAR}, 
      #{inspectionTime,jdbcType=TIMESTAMP}, #{inspectionSvId,jdbcType=CHAR}, #{inspectionUserName,jdbcType=VARCHAR}, 
      #{elCheckState,jdbcType=CHAR}, #{headSign,jdbcType=VARCHAR}, #{headSignFile,jdbcType=VARCHAR}, 
      #{createBy,jdbcType=CHAR}, #{createTime,jdbcType=TIMESTAMP}, #{updateBy,jdbcType=CHAR}, 
      #{updateTime,jdbcType=TIMESTAMP}, #{enable,jdbcType=CHAR})
  </insert>
  <update id="updateByPrimaryKey" parameterType="com.sofn.model.generator.AsmsBaseInspection" >
    update ASMS_BASE_INSPECTION
    set ENTERPRISE_ID = #{enterpriseId,jdbcType=CHAR},
      INSPECTION_TYPE = #{inspectionType,jdbcType=VARCHAR},
      INSPECTION_RESULT = #{inspectionResult,jdbcType=VARCHAR},
      INSPECTION_VIEW = #{inspectionView,jdbcType=VARCHAR},
      INSPECTION_IMAGES = #{inspectionImages,jdbcType=VARCHAR},
      INSPECTION_TIME = #{inspectionTime,jdbcType=TIMESTAMP},
      INSPECTION_SV_ID = #{inspectionSvId,jdbcType=CHAR},
      INSPECTION_USER_NAME = #{inspectionUserName,jdbcType=VARCHAR},
      EL_CHECK_STATE = #{elCheckState,jdbcType=CHAR},
      HEAD_SIGN = #{headSign,jdbcType=VARCHAR},
      HEAD_SIGN_FILE = #{headSignFile,jdbcType=VARCHAR},
      CREATE_BY = #{createBy,jdbcType=CHAR},
      CREATE_TIME = #{createTime,jdbcType=TIMESTAMP},
      UPDATE_BY = #{updateBy,jdbcType=CHAR},
      UPDATE_TIME = #{updateTime,jdbcType=TIMESTAMP},
      ENABLE = #{enable,jdbcType=CHAR}
    where ID = #{id,jdbcType=CHAR}
  </update>
  <select id="selectByPrimaryKey" resultMap="BaseResultMap" parameterType="java.lang.String" >
    select ID, ENTERPRISE_ID, INSPECTION_TYPE, INSPECTION_RESULT, INSPECTION_VIEW, INSPECTION_IMAGES, 
    INSPECTION_TIME, INSPECTION_SV_ID, INSPECTION_USER_NAME, EL_CHECK_STATE, HEAD_SIGN, 
    HEAD_SIGN_FILE, CREATE_BY, CREATE_TIME, UPDATE_BY, UPDATE_TIME, ENABLE
    from ASMS_BASE_INSPECTION
    where ID = #{id,jdbcType=CHAR}
  </select>
  <select id="selectAll" resultMap="BaseResultMap" >
    select ID, ENTERPRISE_ID, INSPECTION_TYPE, INSPECTION_RESULT, INSPECTION_VIEW, INSPECTION_IMAGES, 
    INSPECTION_TIME, INSPECTION_SV_ID, INSPECTION_USER_NAME, EL_CHECK_STATE, HEAD_SIGN, 
    HEAD_SIGN_FILE, CREATE_BY, CREATE_TIME, UPDATE_BY, UPDATE_TIME, ENABLE
    from ASMS_BASE_INSPECTION
  </select>
</mapper>