<?xml version="1.0" encoding="UTF-8" ?>
<!DOCTYPE mapper PUBLIC "-//mybatis.org//DTD Mapper 3.0//EN" "http://mybatis.org/dtd/mybatis-3-mapper.dtd" >
<mapper namespace="com.sofn.dao.generator.AsmsSpecialMonitorMapper" >
  <resultMap id="BaseResultMap" type="com.sofn.model.generator.AsmsSpecialMonitor" >
    <id column="ID" property="id" jdbcType="CHAR" />
    <result column="SM_NAME" property="smName" jdbcType="VARCHAR" />
    <result column="SM_TYPE" property="smType" jdbcType="VARCHAR" />
    <result column="SM_MODEL_ID" property="smModelId" jdbcType="VARCHAR" />
    <result column="SM_YEAR" property="smYear" jdbcType="CHAR" />
    <result column="SM_BATCH" property="smBatch" jdbcType="VARCHAR" />
    <result column="SM_DATE_BEGIN" property="smDateBegin" jdbcType="TIMESTAMP" />
    <result column="SM_DATE_END" property="smDateEnd" jdbcType="TIMESTAMP" />
    <result column="SM_RELEASE_UNIT" property="smReleaseUnit" jdbcType="CHAR" />
    <result column="SM_FILE" property="smFile" jdbcType="VARCHAR" />
    <result column="SM_FILE_NUM" property="smFileNum" jdbcType="VARCHAR" />
    <result column="SM_REMARK" property="smRemark" jdbcType="VARCHAR" />
    <result column="SM_STATE" property="smState" jdbcType="VARCHAR" />
    <result column="CREATE_BY" property="createBy" jdbcType="CHAR" />
    <result column="CREATE_TIME" property="createTime" jdbcType="TIMESTAMP" />
    <result column="UPDATE_BY" property="updateBy" jdbcType="CHAR" />
    <result column="UPDATE_TIME" property="updateTime" jdbcType="TIMESTAMP" />
    <result column="ENABLE" property="enable" jdbcType="CHAR" />
  </resultMap>
  <delete id="deleteByPrimaryKey" parameterType="java.lang.String" >
    delete from ASMS_SPECIAL_MONITOR
    where ID = #{id,jdbcType=CHAR}
  </delete>
  <insert id="insert" parameterType="com.sofn.model.generator.AsmsSpecialMonitor" >
    insert into ASMS_SPECIAL_MONITOR (ID, SM_NAME, SM_TYPE, 
      SM_MODEL_ID, SM_YEAR, SM_BATCH, 
      SM_DATE_BEGIN, SM_DATE_END, SM_RELEASE_UNIT, 
      SM_FILE, SM_FILE_NUM, SM_REMARK, 
      SM_STATE, CREATE_BY, CREATE_TIME, 
      UPDATE_BY, UPDATE_TIME, ENABLE
      )
    values (#{id,jdbcType=CHAR}, #{smName,jdbcType=VARCHAR}, #{smType,jdbcType=VARCHAR}, 
      #{smModelId,jdbcType=VARCHAR}, #{smYear,jdbcType=CHAR}, #{smBatch,jdbcType=VARCHAR}, 
      #{smDateBegin,jdbcType=TIMESTAMP}, #{smDateEnd,jdbcType=TIMESTAMP}, #{smReleaseUnit,jdbcType=CHAR}, 
      #{smFile,jdbcType=VARCHAR}, #{smFileNum,jdbcType=VARCHAR}, #{smRemark,jdbcType=VARCHAR}, 
      #{smState,jdbcType=VARCHAR}, #{createBy,jdbcType=CHAR}, #{createTime,jdbcType=TIMESTAMP}, 
      #{updateBy,jdbcType=CHAR}, #{updateTime,jdbcType=TIMESTAMP}, #{enable,jdbcType=CHAR}
      )
  </insert>
  <update id="updateByPrimaryKey" parameterType="com.sofn.model.generator.AsmsSpecialMonitor" >
    update ASMS_SPECIAL_MONITOR
    set SM_NAME = #{smName,jdbcType=VARCHAR},
      SM_TYPE = #{smType,jdbcType=VARCHAR},
      SM_MODEL_ID = #{smModelId,jdbcType=VARCHAR},
      SM_YEAR = #{smYear,jdbcType=CHAR},
      SM_BATCH = #{smBatch,jdbcType=VARCHAR},
      SM_DATE_BEGIN = #{smDateBegin,jdbcType=TIMESTAMP},
      SM_DATE_END = #{smDateEnd,jdbcType=TIMESTAMP},
      SM_RELEASE_UNIT = #{smReleaseUnit,jdbcType=CHAR},
      SM_FILE = #{smFile,jdbcType=VARCHAR},
      SM_FILE_NUM = #{smFileNum,jdbcType=VARCHAR},
      SM_REMARK = #{smRemark,jdbcType=VARCHAR},
      SM_STATE = #{smState,jdbcType=VARCHAR},
      CREATE_BY = #{createBy,jdbcType=CHAR},
      CREATE_TIME = #{createTime,jdbcType=TIMESTAMP},
      UPDATE_BY = #{updateBy,jdbcType=CHAR},
      UPDATE_TIME = #{updateTime,jdbcType=TIMESTAMP},
      ENABLE = #{enable,jdbcType=CHAR}
    where ID = #{id,jdbcType=CHAR}
  </update>
  <select id="selectByPrimaryKey" resultMap="BaseResultMap" parameterType="java.lang.String" >
    select ID, SM_NAME, SM_TYPE, SM_MODEL_ID, SM_YEAR, SM_BATCH, SM_DATE_BEGIN, SM_DATE_END, 
    SM_RELEASE_UNIT, SM_FILE, SM_FILE_NUM, SM_REMARK, SM_STATE, CREATE_BY, CREATE_TIME, 
    UPDATE_BY, UPDATE_TIME, ENABLE
    from ASMS_SPECIAL_MONITOR
    where ID = #{id,jdbcType=CHAR}
  </select>
  <select id="selectAll" resultMap="BaseResultMap" >
    select ID, SM_NAME, SM_TYPE, SM_MODEL_ID, SM_YEAR, SM_BATCH, SM_DATE_BEGIN, SM_DATE_END, 
    SM_RELEASE_UNIT, SM_FILE, SM_FILE_NUM, SM_REMARK, SM_STATE, CREATE_BY, CREATE_TIME, 
    UPDATE_BY, UPDATE_TIME, ENABLE
    from ASMS_SPECIAL_MONITOR
  </select>
</mapper>