<?xml version="1.0" encoding="UTF-8" ?>
<!DOCTYPE mapper PUBLIC "-//mybatis.org//DTD Mapper 3.0//EN" "http://mybatis.org/dtd/mybatis-3-mapper.dtd" >
<mapper namespace="com.sofn.dao.generator.AsmsBaseUserMapper" >
  <resultMap id="BaseResultMap" type="com.sofn.model.generator.AsmsBaseUser" >
    <id column="ID" property="id" jdbcType="CHAR" />
    <result column="BASE_INSPECTION_ID" property="baseInspectionId" jdbcType="CHAR" />
    <result column="INSPECTION_USER_ID" property="inspectionUserId" jdbcType="CHAR" />
  </resultMap>
  <delete id="deleteByPrimaryKey" parameterType="java.lang.String" >
    delete from ASMS_BASE_USER
    where ID = #{id,jdbcType=CHAR}
  </delete>
  <insert id="insert" parameterType="com.sofn.model.generator.AsmsBaseUser" >
    insert into ASMS_BASE_USER (ID, BASE_INSPECTION_ID, INSPECTION_USER_ID
      )
    values (#{id,jdbcType=CHAR}, #{baseInspectionId,jdbcType=CHAR}, #{inspectionUserId,jdbcType=CHAR}
      )
  </insert>
  <update id="updateByPrimaryKey" parameterType="com.sofn.model.generator.AsmsBaseUser" >
    update ASMS_BASE_USER
    set BASE_INSPECTION_ID = #{baseInspectionId,jdbcType=CHAR},
      INSPECTION_USER_ID = #{inspectionUserId,jdbcType=CHAR}
    where ID = #{id,jdbcType=CHAR}
  </update>
  <select id="selectByPrimaryKey" resultMap="BaseResultMap" parameterType="java.lang.String" >
    select ID, BASE_INSPECTION_ID, INSPECTION_USER_ID
    from ASMS_BASE_USER
    where ID = #{id,jdbcType=CHAR}
  </select>
  <select id="selectAll" resultMap="BaseResultMap" >
    select ID, BASE_INSPECTION_ID, INSPECTION_USER_ID
    from ASMS_BASE_USER
  </select>
</mapper>