<?xml version="1.0" encoding="UTF-8" ?>
<!DOCTYPE mapper PUBLIC "-//mybatis.org//DTD Mapper 3.0//EN" "http://mybatis.org/dtd/mybatis-3-mapper.dtd" >
<mapper namespace="com.sofn.dao.generator.AsmsSubjSvRevokeMapper" >
  <resultMap id="BaseResultMap" type="com.sofn.model.generator.AsmsSubjSvRevoke" >
    <id column="ID" property="id" jdbcType="CHAR" />
    <result column="SV_ID" property="svId" jdbcType="CHAR" />
    <result column="APPLY_REASON" property="applyReason" jdbcType="VARCHAR" />
    <result column="APPLY_USER_ID" property="applyUserId" jdbcType="CHAR" />
    <result column="APPLY_SV_ID" property="applySvId" jdbcType="CHAR" />
    <result column="APPLY_TIME" property="applyTime" jdbcType="TIMESTAMP" />
    <result column="AUDIT_USER_ID" property="auditUserId" jdbcType="CHAR" />
    <result column="AUDIT_SV_ID" property="auditSvId" jdbcType="CHAR" />
    <result column="AUDIT_TIME" property="auditTime" jdbcType="TIMESTAMP" />
    <result column="AUDIT_SUGGESTION" property="auditSuggestion" jdbcType="VARCHAR" />
    <result column="AUDIT_STATE" property="auditState" jdbcType="CHAR" />
  </resultMap>
  <delete id="deleteByPrimaryKey" parameterType="java.lang.String" >
    delete from ASMS_SUBJ_SV_REVOKE
    where ID = #{id,jdbcType=CHAR}
  </delete>
  <insert id="insert" parameterType="com.sofn.model.generator.AsmsSubjSvRevoke" >
    insert into ASMS_SUBJ_SV_REVOKE (ID, SV_ID, APPLY_REASON, 
      APPLY_USER_ID, APPLY_SV_ID, APPLY_TIME, 
      AUDIT_USER_ID, AUDIT_SV_ID, AUDIT_TIME, 
      AUDIT_SUGGESTION, AUDIT_STATE)
    values (#{id,jdbcType=CHAR}, #{svId,jdbcType=CHAR}, #{applyReason,jdbcType=VARCHAR}, 
      #{applyUserId,jdbcType=CHAR}, #{applySvId,jdbcType=CHAR}, #{applyTime,jdbcType=TIMESTAMP}, 
      #{auditUserId,jdbcType=CHAR}, #{auditSvId,jdbcType=CHAR}, #{auditTime,jdbcType=TIMESTAMP}, 
      #{auditSuggestion,jdbcType=VARCHAR}, #{auditState,jdbcType=CHAR})
  </insert>
  <update id="updateByPrimaryKey" parameterType="com.sofn.model.generator.AsmsSubjSvRevoke" >
    update ASMS_SUBJ_SV_REVOKE
    set SV_ID = #{svId,jdbcType=CHAR},
      APPLY_REASON = #{applyReason,jdbcType=VARCHAR},
      APPLY_USER_ID = #{applyUserId,jdbcType=CHAR},
      APPLY_SV_ID = #{applySvId,jdbcType=CHAR},
      APPLY_TIME = #{applyTime,jdbcType=TIMESTAMP},
      AUDIT_USER_ID = #{auditUserId,jdbcType=CHAR},
      AUDIT_SV_ID = #{auditSvId,jdbcType=CHAR},
      AUDIT_TIME = #{auditTime,jdbcType=TIMESTAMP},
      AUDIT_SUGGESTION = #{auditSuggestion,jdbcType=VARCHAR},
      AUDIT_STATE = #{auditState,jdbcType=CHAR}
    where ID = #{id,jdbcType=CHAR}
  </update>
  <select id="selectByPrimaryKey" resultMap="BaseResultMap" parameterType="java.lang.String" >
    select ID, SV_ID, APPLY_REASON, APPLY_USER_ID, APPLY_SV_ID, APPLY_TIME, AUDIT_USER_ID, 
    AUDIT_SV_ID, AUDIT_TIME, AUDIT_SUGGESTION, AUDIT_STATE
    from ASMS_SUBJ_SV_REVOKE
    where ID = #{id,jdbcType=CHAR}
  </select>
  <select id="selectAll" resultMap="BaseResultMap" >
    select ID, SV_ID, APPLY_REASON, APPLY_USER_ID, APPLY_SV_ID, APPLY_TIME, AUDIT_USER_ID, 
    AUDIT_SV_ID, AUDIT_TIME, AUDIT_SUGGESTION, AUDIT_STATE
    from ASMS_SUBJ_SV_REVOKE
  </select>
</mapper>