<?xml version="1.0" encoding="UTF-8" ?>
<!DOCTYPE mapper PUBLIC "-//mybatis.org//DTD Mapper 3.0//EN" "http://mybatis.org/dtd/mybatis-3-mapper.dtd" >
<mapper namespace="com.sofn.dao.generator.AsmsCheckBearUnitMapper" >
  <resultMap id="BaseResultMap" type="com.sofn.model.generator.AsmsCheckBearUnit" >
    <id column="ID" property="id" jdbcType="CHAR" />
    <result column="SUPERVISE_CHECK_TASK_ID" property="superviseCheckTaskId" jdbcType="CHAR" />
    <result column="SUPERVISE_BEAR_UNIT_ID" property="superviseBearUnitId" jdbcType="CHAR" />
  </resultMap>
  <delete id="deleteByPrimaryKey" parameterType="java.lang.String" >
    delete from ASMS_CHECK_BEAR_UNIT
    where ID = #{id,jdbcType=CHAR}
  </delete>
  <insert id="insert" parameterType="com.sofn.model.generator.AsmsCheckBearUnit" >
    insert into ASMS_CHECK_BEAR_UNIT (ID, SUPERVISE_CHECK_TASK_ID, SUPERVISE_BEAR_UNIT_ID
      )
    values (#{id,jdbcType=CHAR}, #{superviseCheckTaskId,jdbcType=CHAR}, #{superviseBearUnitId,jdbcType=CHAR}
      )
  </insert>
  <update id="updateByPrimaryKey" parameterType="com.sofn.model.generator.AsmsCheckBearUnit" >
    update ASMS_CHECK_BEAR_UNIT
    set SUPERVISE_CHECK_TASK_ID = #{superviseCheckTaskId,jdbcType=CHAR},
      SUPERVISE_BEAR_UNIT_ID = #{superviseBearUnitId,jdbcType=CHAR}
    where ID = #{id,jdbcType=CHAR}
  </update>
  <select id="selectByPrimaryKey" resultMap="BaseResultMap" parameterType="java.lang.String" >
    select ID, SUPERVISE_CHECK_TASK_ID, SUPERVISE_BEAR_UNIT_ID
    from ASMS_CHECK_BEAR_UNIT
    where ID = #{id,jdbcType=CHAR}
  </select>
  <select id="selectAll" resultMap="BaseResultMap" >
    select ID, SUPERVISE_CHECK_TASK_ID, SUPERVISE_BEAR_UNIT_ID
    from ASMS_CHECK_BEAR_UNIT
  </select>
</mapper>