<?xml version="1.0" encoding="UTF-8" ?>
<!DOCTYPE mapper PUBLIC "-//mybatis.org//DTD Mapper 3.0//EN" "http://mybatis.org/dtd/mybatis-3-mapper.dtd" >
<mapper namespace="com.sofn.dao.generator.AsmsSubjSvChangeMapper" >
  <resultMap id="BaseResultMap" type="com.sofn.model.generator.AsmsSubjSvChange" >
    <id column="ID" property="id" jdbcType="CHAR" />
    <result column="SV_NAME" property="svName" jdbcType="VARCHAR" />
    <result column="SV_CODE" property="svCode" jdbcType="VARCHAR" />
    <result column="SV_LEVEL" property="svLevel" jdbcType="VARCHAR" />
    <result column="SV_ADDRESS" property="svAddress" jdbcType="VARCHAR" />
    <result column="SV_AREA_ID" property="svAreaId" jdbcType="VARCHAR" />
    <result column="SV_LEADER" property="svLeader" jdbcType="VARCHAR" />
    <result column="SV_LEADER_PHONE" property="svLeaderPhone" jdbcType="VARCHAR" />
    <result column="SV_FILE" property="svFile" jdbcType="VARCHAR" />
    <result column="APPLY_USER_ID" property="applyUserId" jdbcType="CHAR" />
    <result column="APPLY_TIME" property="applyTime" jdbcType="TIMESTAMP" />
    <result column="APPLY_SV_ID" property="applySvId" jdbcType="CHAR" />
    <result column="APPLY_REASON" property="applyReason" jdbcType="VARCHAR" />
    <result column="AUDIT_USER_ID" property="auditUserId" jdbcType="CHAR" />
    <result column="AUDIT_SV_ID" property="auditSvId" jdbcType="CHAR" />
    <result column="AUDIT_TIME" property="auditTime" jdbcType="TIMESTAMP" />
    <result column="AUDIT_SUGGESTION" property="auditSuggestion" jdbcType="VARCHAR" />
    <result column="AUDIT_STATE" property="auditState" jdbcType="CHAR" />
  </resultMap>
  <delete id="deleteByPrimaryKey" parameterType="java.lang.String" >
    delete from ASMS_SUBJ_SV_CHANGE
    where ID = #{id,jdbcType=CHAR}
  </delete>
  <insert id="insert" parameterType="com.sofn.model.generator.AsmsSubjSvChange" >
    insert into ASMS_SUBJ_SV_CHANGE (ID, SV_NAME, SV_CODE, 
      SV_LEVEL, SV_ADDRESS, SV_AREA_ID, 
      SV_LEADER, SV_LEADER_PHONE, SV_FILE, 
      APPLY_USER_ID, APPLY_TIME, APPLY_SV_ID, 
      APPLY_REASON, AUDIT_USER_ID, AUDIT_SV_ID, 
      AUDIT_TIME, AUDIT_SUGGESTION, AUDIT_STATE
      )
    values (#{id,jdbcType=CHAR}, #{svName,jdbcType=VARCHAR}, #{svCode,jdbcType=VARCHAR}, 
      #{svLevel,jdbcType=VARCHAR}, #{svAddress,jdbcType=VARCHAR}, #{svAreaId,jdbcType=VARCHAR}, 
      #{svLeader,jdbcType=VARCHAR}, #{svLeaderPhone,jdbcType=VARCHAR}, #{svFile,jdbcType=VARCHAR}, 
      #{applyUserId,jdbcType=CHAR}, #{applyTime,jdbcType=TIMESTAMP}, #{applySvId,jdbcType=CHAR}, 
      #{applyReason,jdbcType=VARCHAR}, #{auditUserId,jdbcType=CHAR}, #{auditSvId,jdbcType=CHAR}, 
      #{auditTime,jdbcType=TIMESTAMP}, #{auditSuggestion,jdbcType=VARCHAR}, #{auditState,jdbcType=CHAR}
      )
  </insert>
  <update id="updateByPrimaryKey" parameterType="com.sofn.model.generator.AsmsSubjSvChange" >
    update ASMS_SUBJ_SV_CHANGE
    set SV_NAME = #{svName,jdbcType=VARCHAR},
      SV_CODE = #{svCode,jdbcType=VARCHAR},
      SV_LEVEL = #{svLevel,jdbcType=VARCHAR},
      SV_ADDRESS = #{svAddress,jdbcType=VARCHAR},
      SV_AREA_ID = #{svAreaId,jdbcType=VARCHAR},
      SV_LEADER = #{svLeader,jdbcType=VARCHAR},
      SV_LEADER_PHONE = #{svLeaderPhone,jdbcType=VARCHAR},
      SV_FILE = #{svFile,jdbcType=VARCHAR},
      APPLY_USER_ID = #{applyUserId,jdbcType=CHAR},
      APPLY_TIME = #{applyTime,jdbcType=TIMESTAMP},
      APPLY_SV_ID = #{applySvId,jdbcType=CHAR},
      APPLY_REASON = #{applyReason,jdbcType=VARCHAR},
      AUDIT_USER_ID = #{auditUserId,jdbcType=CHAR},
      AUDIT_SV_ID = #{auditSvId,jdbcType=CHAR},
      AUDIT_TIME = #{auditTime,jdbcType=TIMESTAMP},
      AUDIT_SUGGESTION = #{auditSuggestion,jdbcType=VARCHAR},
      AUDIT_STATE = #{auditState,jdbcType=CHAR}
    where ID = #{id,jdbcType=CHAR}
  </update>
  <select id="selectByPrimaryKey" resultMap="BaseResultMap" parameterType="java.lang.String" >
    select ID, SV_NAME, SV_CODE, SV_LEVEL, SV_ADDRESS, SV_AREA_ID, SV_LEADER, SV_LEADER_PHONE, 
    SV_FILE, APPLY_USER_ID, APPLY_TIME, APPLY_SV_ID, APPLY_REASON, AUDIT_USER_ID, AUDIT_SV_ID, 
    AUDIT_TIME, AUDIT_SUGGESTION, AUDIT_STATE
    from ASMS_SUBJ_SV_CHANGE
    where ID = #{id,jdbcType=CHAR}
  </select>
  <select id="selectAll" resultMap="BaseResultMap" >
    select ID, SV_NAME, SV_CODE, SV_LEVEL, SV_ADDRESS, SV_AREA_ID, SV_LEADER, SV_LEADER_PHONE, 
    SV_FILE, APPLY_USER_ID, APPLY_TIME, APPLY_SV_ID, APPLY_REASON, AUDIT_USER_ID, AUDIT_SV_ID, 
    AUDIT_TIME, AUDIT_SUGGESTION, AUDIT_STATE
    from ASMS_SUBJ_SV_CHANGE
  </select>
</mapper>