<?xml version="1.0" encoding="UTF-8" ?>
<!DOCTYPE mapper PUBLIC "-//mybatis.org//DTD Mapper 3.0//EN" "http://mybatis.org/dtd/mybatis-3-mapper.dtd" >
<mapper namespace="com.sofn.dao.generator.SysResourceMapper" >
  <resultMap id="BaseResultMap" type="com.sofn.model.generator.SysResource" >
    <id column="ID" property="id" jdbcType="VARCHAR" />
    <result column="RES_TYPE" property="resType" jdbcType="VARCHAR" />
    <result column="RES_NAME" property="resName" jdbcType="VARCHAR" />
    <result column="DOMAIN" property="domain" jdbcType="VARCHAR" />
    <result column="JOBTITLE" property="jobtitle" jdbcType="VARCHAR" />
    <result column="UNIT" property="unit" jdbcType="VARCHAR" />
    <result column="LOCATION" property="location" jdbcType="VARCHAR" />
    <result column="ADDRESS" property="address" jdbcType="VARCHAR" />
    <result column="CONTRACT" property="contract" jdbcType="VARCHAR" />
    <result column="STATUS" property="status" jdbcType="VARCHAR" />
    <result column="CREATE_TIME" property="createTime" jdbcType="TIMESTAMP" />
    <result column="CREATE_BY" property="createBy" jdbcType="VARCHAR" />
    <result column="UPDATE_TIME" property="updateTime" jdbcType="TIMESTAMP" />
    <result column="UPDATE_BY" property="updateBy" jdbcType="VARCHAR" />
    <result column="DEL_FLAG" property="delFlag" jdbcType="VARCHAR" />
  </resultMap>
  <delete id="deleteByPrimaryKey" parameterType="java.lang.String" >
    delete from SYS_RESOURCE
    where ID = #{id,jdbcType=VARCHAR}
  </delete>
  <insert id="insert" parameterType="com.sofn.model.generator.SysResource" >
    insert into SYS_RESOURCE (ID, RES_TYPE, RES_NAME, 
      DOMAIN, JOBTITLE, UNIT, 
      LOCATION, ADDRESS, CONTRACT, 
      STATUS, CREATE_TIME, CREATE_BY, 
      UPDATE_TIME, UPDATE_BY, DEL_FLAG
      )
    values (#{id,jdbcType=VARCHAR}, #{resType,jdbcType=VARCHAR}, #{resName,jdbcType=VARCHAR}, 
      #{domain,jdbcType=VARCHAR}, #{jobtitle,jdbcType=VARCHAR}, #{unit,jdbcType=VARCHAR}, 
      #{location,jdbcType=VARCHAR}, #{address,jdbcType=VARCHAR}, #{contract,jdbcType=VARCHAR}, 
      #{status,jdbcType=VARCHAR}, #{createTime,jdbcType=TIMESTAMP}, #{createBy,jdbcType=VARCHAR}, 
      #{updateTime,jdbcType=TIMESTAMP}, #{updateBy,jdbcType=VARCHAR}, #{delFlag,jdbcType=VARCHAR}
      )
  </insert>
  <update id="updateByPrimaryKey" parameterType="com.sofn.model.generator.SysResource" >
    update SYS_RESOURCE
    set RES_TYPE = #{resType,jdbcType=VARCHAR},
      RES_NAME = #{resName,jdbcType=VARCHAR},
      DOMAIN = #{domain,jdbcType=VARCHAR},
      JOBTITLE = #{jobtitle,jdbcType=VARCHAR},
      UNIT = #{unit,jdbcType=VARCHAR},
      LOCATION = #{location,jdbcType=VARCHAR},
      ADDRESS = #{address,jdbcType=VARCHAR},
      CONTRACT = #{contract,jdbcType=VARCHAR},
      STATUS = #{status,jdbcType=VARCHAR},
      CREATE_TIME = #{createTime,jdbcType=TIMESTAMP},
      CREATE_BY = #{createBy,jdbcType=VARCHAR},
      UPDATE_TIME = #{updateTime,jdbcType=TIMESTAMP},
      UPDATE_BY = #{updateBy,jdbcType=VARCHAR},
      DEL_FLAG = #{delFlag,jdbcType=VARCHAR}
    where ID = #{id,jdbcType=VARCHAR}
  </update>
  <select id="selectByPrimaryKey" resultMap="BaseResultMap" parameterType="java.lang.String" >
    select ID, RES_TYPE, RES_NAME, DOMAIN, JOBTITLE, UNIT, LOCATION, ADDRESS, CONTRACT, 
    STATUS, CREATE_TIME, CREATE_BY, UPDATE_TIME, UPDATE_BY, DEL_FLAG
    from SYS_RESOURCE
    where ID = #{id,jdbcType=VARCHAR}
  </select>
  <select id="selectAll" resultMap="BaseResultMap" >
    select ID, RES_TYPE, RES_NAME, DOMAIN, JOBTITLE, UNIT, LOCATION, ADDRESS, CONTRACT, 
    STATUS, CREATE_TIME, CREATE_BY, UPDATE_TIME, UPDATE_BY, DEL_FLAG
    from SYS_RESOURCE
  </select>
</mapper>